StudentID,GPA,SleepHours,SocialMediaHours,ExerciseHours,StudyHours,PartTimeJob,Major,Year,Device,ClusterGroup
1,2.75,6,5,0,3,0,1,0,0,-1
2,3.9,4,3,0,6,0,1,2,3,-1
3,3.46,8,6,0,2,0,2,2,3,-1
4,3.2,9,5,3,5,1,2,1,1,-1
5,2.31,6,1,3,4,1,3,1,2,-1
6,2.31,5,0,2,5,1,2,2,3,-1
7,2.12,6,1,2,5,0,2,2,0,-1
8,3.73,6,1,1,7,0,3,2,2,-1
9,3.2,5,0,3,6,1,0,3,0,-1
10,3.42,7,0,0,3,0,0,2,0,-1
11,2.04,7,2,0,4,0,2,3,3,-1
12,3.94,4,5,1,2,0,3,3,3,-1
13,3.66,4,6,0,3,1,0,2,1,-1
14,2.42,7,2,1,2,0,3,0,0,-1
15,2.36,9,0,2,1,1,2,0,3,-1
16,2.37,8,3,3,5,0,2,1,1,-1
17,2.61,6,6,1,1,1,3,2,2,-1
18,3.05,8,3,0,7,0,1,1,1,-1
19,2.86,6,1,1,5,0,2,2,1,-1
20,2.58,7,4,2,6,1,2,1,0,-1
21,3.22,4,1,0,3,1,2,3,2,-1
22,2.28,9,1,2,2,0,2,2,0,-1
23,2.58,4,4,2,7,0,3,0,0,-1
24,2.73,8,5,1,6,0,3,2,1,-1
25,2.91,4,0,2,2,1,3,1,1,-1
26,3.57,7,3,0,3,1,3,1,3,-1
27,2.4,9,1,2,4,0,1,1,1,-1
28,3.03,8,4,2,7,1,3,1,3,-1
29,3.18,9,2,1,1,0,3,1,0,-1
30,2.09,6,1,2,1,1,2,1,1,-1
31,3.22,4,3,3,2,0,1,0,2,-1
32,2.34,9,0,1,2,1,2,1,2,-1
33,2.13,5,1,1,2,1,1,0,0,-1
34,3.9,4,1,0,7,0,0,2,0,-1
35,3.93,6,5,0,3,0,1,3,1,-1
36,3.62,9,7,0,4,1,1,0,3,-1
37,2.61,8,4,0,1,1,2,2,1,-1
38,2.2,6,2,3,6,1,1,3,3,-1
39,3.37,5,2,1,5,0,1,0,1,-1
40,2.88,9,6,2,7,0,2,0,2,-1
41,2.24,7,0,0,7,1,0,2,2,-1
42,2.99,4,6,0,3,0,0,1,3,-1
43,2.07,8,3,0,1,0,0,0,1,-1
44,3.82,7,0,2,4,0,1,0,0,-1
45,2.52,9,1,0,3,0,2,2,3,-1
46,3.33,9,7,2,6,1,0,1,2,-1
47,2.62,6,1,1,1,1,0,3,3,-1
48,3.04,9,2,1,3,1,0,1,1,-1
49,3.09,8,3,1,1,0,0,1,0,-1
50,2.37,7,4,3,1,0,2,2,0,-1
51,3.94,8,3,2,7,0,0,1,3,-1
52,3.55,5,1,0,4,1,1,2,1,-1
53,3.88,5,4,0,7,0,1,3,1,-1
54,3.79,4,3,0,5,1,2,0,0,-1
55,3.2,4,7,0,4,1,3,0,2,-1
56,3.84,5,7,3,1,0,0,2,1,-1
57,2.18,9,3,0,3,1,0,2,0,-1
58,2.39,8,4,3,6,1,1,1,0,-1
59,2.09,5,1,2,4,0,2,1,1,-1
60,2.65,4,3,1,5,1,3,0,1,-1
61,2.78,5,4,0,1,1,1,0,3,-1
62,2.54,9,5,1,6,1,3,0,2,-1
63,3.66,5,7,2,4,0,2,2,3,-1
64,2.71,8,5,2,7,0,2,3,3,-1
65,2.56,7,1,0,7,1,2,3,0,-1
66,3.09,9,4,2,4,0,1,2,0,-1
67,2.28,4,5,1,4,1,2,1,2,-1
68,3.6,8,4,0,4,0,1,3,3,-1
69,2.15,5,3,3,6,0,1,1,3,-1
70,3.97,5,1,0,7,0,0,0,0,-1
71,3.54,7,5,1,3,0,1,0,0,-1
72,2.4,4,6,0,5,0,1,1,1,-1
73,2.01,4,3,0,5,0,0,0,3,-1
74,3.63,6,7,1,1,0,3,2,2,-1
75,3.41,4,6,0,2,0,0,1,3,-1
76,3.46,7,6,0,3,1,0,1,0,-1
77,3.54,6,0,1,7,1,2,1,1,-1
78,2.15,6,0,2,1,1,2,3,3,-1
79,2.72,5,1,1,1,1,0,1,2,-1
80,2.23,5,5,0,4,0,2,1,0,-1
81,3.73,4,5,3,2,0,0,1,1,-1
82,3.25,6,5,3,7,0,2,3,3,-1
83,2.66,5,4,1,2,1,1,0,2,-1
84,2.13,7,3,3,3,1,2,3,0,-1
85,2.62,5,5,0,2,0,2,2,2,-1
86,2.65,9,3,0,1,1,1,1,3,-1
87,3.46,9,1,1,2,1,0,2,0,-1
88,3.28,5,6,0,2,0,2,3,3,-1
89,3.77,6,5,2,5,0,2,0,1,-1
90,2.94,6,1,0,7,0,1,0,3,-1
91,2.24,8,5,1,7,0,1,1,1,-1
92,3.43,9,0,2,1,0,1,0,3,-1
93,3.52,7,2,2,6,0,3,3,2,-1
94,3.12,6,1,3,2,0,1,3,2,-1
95,3.54,4,5,0,2,1,0,0,0,-1
96,2.99,9,7,1,4,0,2,1,2,-1
97,3.05,7,2,3,7,1,2,1,2,-1
98,2.86,7,1,3,2,1,3,3,1,-1
99,2.05,6,7,0,7,0,2,0,2,-1
100,2.22,7,7,0,2,0,2,3,1,-1
101,2.06,6,4,1,5,0,0,3,1,-1
102,3.27,5,7,3,1,0,2,2,1,-1
103,2.63,9,5,1,7,0,0,3,3,-1
104,3.02,8,4,3,3,0,3,1,1,-1
105,3.82,5,0,3,1,0,0,0,3,-1
106,2.5,9,5,3,4,1,1,0,1,-1
107,2.82,6,6,0,1,1,1,2,3,-1
108,3.51,9,7,3,2,0,3,2,0,-1
109,2.46,6,0,3,4,1,2,1,0,-1
110,2.15,5,2,3,1,0,0,2,3,-1
111,2.58,4,1,2,4,0,1,3,0,-1
112,2.32,4,7,0,3,0,0,3,2,-1
113,3.86,9,3,2,1,0,1,1,1,-1
114,3.62,4,0,0,7,0,0,0,3,-1
115,3.27,6,3,1,7,1,2,1,0,-1
116,3.74,7,7,2,6,1,3,2,0,-1
117,3.61,6,3,1,2,1,2,0,2,-1
118,2.37,7,7,3,4,0,0,0,1,-1
119,3.79,5,1,1,6,1,1,0,2,-1
120,3.08,8,2,1,6,0,1,2,3,-1
121,3.61,7,1,1,5,0,3,3,0,-1
122,3.79,4,5,1,4,1,2,3,0,-1
123,2.64,6,0,0,6,1,2,2,0,-1
124,2.22,5,3,2,5,0,2,2,2,-1
125,2.46,4,1,0,6,0,1,1,2,-1
126,2.85,5,7,0,2,0,3,1,1,-1
127,3.64,8,1,0,3,0,1,3,3,-1
128,3.72,6,1,1,5,0,2,2,1,-1
129,2.01,9,0,0,3,0,0,1,1,-1
130,3.02,6,2,2,4,0,1,2,0,-1
131,2.83,8,6,0,2,0,3,2,2,-1
132,2.44,6,1,3,5,1,2,3,3,-1
133,2.24,9,0,1,4,0,0,3,1,-1
134,2.68,7,3,3,6,1,1,2,3,-1
135,3.89,5,7,2,7,1,0,0,0,-1
136,2.65,9,5,2,1,1,0,0,1,-1
137,3.04,4,6,2,4,0,3,2,2,-1
138,3.41,8,4,2,3,1,1,3,1,-1
139,2.73,7,6,0,2,1,3,0,0,-1
140,3.94,4,7,1,2,0,2,3,1,-1
141,3.92,4,6,2,4,0,0,0,0,-1
142,2.5,8,7,3,6,0,3,2,1,-1
143,2.99,7,0,2,1,0,3,1,3,-1
144,2.6,4,4,1,3,0,2,1,2,-1
145,2.57,4,1,3,4,0,1,3,0,-1
146,2.07,7,1,3,4,1,3,3,3,-1
147,3.22,6,6,3,7,0,0,0,0,-1
148,3.01,4,0,0,2,0,0,2,1,-1
149,2.1,5,4,2,3,0,0,0,0,-1
150,2.56,7,1,0,1,0,0,2,0,-1
151,3.82,4,3,3,2,0,3,2,2,-1
152,2.48,8,2,0,4,0,0,3,3,-1
153,2.29,9,2,0,2,1,3,1,1,-1
154,2.98,5,1,0,2,0,1,1,2,-1
155,3.97,9,4,2,5,0,0,3,0,-1
156,2.48,9,5,3,2,0,1,1,2,-1
157,3.34,4,1,3,6,0,3,3,0,-1
158,3.52,5,5,2,2,1,2,0,1,-1
159,2.48,5,5,0,6,1,1,2,0,-1
160,3.46,6,7,0,3,1,0,1,2,-1
161,2.74,9,7,1,2,0,2,1,2,-1
162,3.26,5,4,1,1,0,1,0,0,-1
163,3.27,6,5,1,6,1,3,0,3,-1
164,3.07,7,3,2,6,1,3,1,2,-1
165,2.18,6,4,3,4,0,3,1,3,-1
166,3.67,8,1,1,3,1,1,3,3,-1
167,2.64,4,6,3,2,0,3,3,3,-1
168,2.37,7,3,3,7,1,1,1,3,-1
169,2.08,7,0,3,1,0,0,3,2,-1
170,3.18,8,2,2,4,1,0,0,2,-1
171,3.36,6,1,2,3,0,1,2,3,-1
172,2.03,4,1,2,6,0,1,3,2,-1
173,3.02,6,1,2,1,1,2,2,3,-1
174,2.45,5,3,1,2,0,3,3,3,-1
175,3.29,6,0,0,7,0,0,1,3,-1
176,2.35,7,6,0,5,0,0,3,0,-1
177,3.38,4,4,0,5,0,2,2,1,-1
178,2.77,6,7,1,3,1,1,2,2,-1
179,3.87,4,0,0,7,0,1,1,2,-1
180,2.28,4,3,1,1,0,2,2,3,-1
181,2.68,5,1,1,4,0,3,1,0,-1
182,2.23,5,2,1,1,0,1,1,0,-1
183,3.85,7,1,0,7,1,1,2,2,-1
184,3.75,8,4,3,6,0,3,0,3,-1
185,2.52,4,5,0,5,0,3,2,2,-1
186,3.32,8,2,0,3,1,2,2,3,-1
187,3.63,7,1,2,2,0,2,3,3,-1
188,3.11,4,6,1,1,0,2,2,1,-1
189,3.06,4,2,3,5,1,1,3,3,-1
190,2.48,9,5,2,4,1,2,3,1,-1
191,2.19,8,7,3,3,0,1,2,2,-1
192,3.79,6,0,3,2,1,0,1,2,-1
193,3.8,5,3,1,1,1,3,0,0,-1
194,3.27,6,7,0,4,0,3,2,1,-1
195,2.68,8,1,1,2,1,0,2,2,-1
196,2.7,5,4,1,6,0,2,1,1,-1
197,3.45,6,0,2,5,0,1,3,2,-1
198,3.79,9,7,1,6,0,1,1,1,-1
199,3.77,5,1,0,5,0,1,1,1,-1
200,3.56,4,0,3,4,0,3,3,3,-1
201,3.28,6,7,1,6,1,2,2,2,-1
202,2.17,5,4,3,5,0,1,1,0,-1
203,2.32,9,1,1,3,0,1,1,3,-1
204,3.8,5,5,3,4,1,1,2,0,-1
205,3.21,5,5,1,5,0,0,2,1,-1
206,2.02,9,4,2,1,0,1,0,3,-1
207,2.2,6,2,3,5,0,0,1,1,-1
208,3.33,7,4,1,6,0,1,0,2,-1
209,2.01,6,2,1,3,0,1,3,2,-1
210,2.32,8,1,2,2,0,1,2,0,-1
211,3.1,9,7,2,2,0,0,2,2,-1
212,3.38,6,2,2,5,1,1,0,0,-1
213,3.3,5,1,3,2,1,2,1,1,-1
214,2.45,9,1,3,5,0,1,3,3,-1
215,3.42,4,6,2,3,0,0,1,2,-1
216,2.47,6,3,0,2,1,0,1,1,-1
217,2.65,9,1,0,6,1,2,0,3,-1
218,3.49,6,2,1,6,1,3,1,1,-1
219,3.3,9,3,0,1,0,2,0,0,-1
220,3.7,5,3,1,5,0,2,2,1,-1
221,3.32,4,1,3,2,0,0,2,0,-1
222,3.14,4,4,3,6,0,1,2,0,-1
223,2.19,8,4,0,7,0,1,3,2,-1
224,2.74,9,5,3,3,0,3,3,0,-1
225,2.53,6,3,2,3,1,3,1,0,-1
226,2.49,4,1,2,7,1,3,0,1,-1
227,3.95,4,6,0,7,0,3,1,0,-1
228,2.79,7,4,0,1,1,2,2,0,-1
229,3.78,7,6,1,3,0,2,1,1,-1
230,3.26,4,1,3,3,0,1,1,3,-1
231,3.59,9,1,1,2,0,2,1,2,-1
232,3.01,8,7,1,5,0,1,2,1,-1
233,3.15,4,3,2,4,0,1,0,0,-1
234,2.99,5,7,2,3,1,1,1,1,-1
235,2.39,6,6,2,3,0,1,2,3,-1
236,3.44,8,7,2,4,0,0,3,1,-1
237,2.56,5,5,1,3,1,1,0,1,-1
238,2.05,8,3,2,2,1,2,2,1,-1
239,3.29,5,0,3,2,0,2,1,1,-1
240,2.35,6,7,2,4,0,2,2,0,-1
241,3.88,6,6,2,6,0,2,0,1,-1
242,3.91,7,4,2,3,0,0,1,3,-1
243,3.83,9,4,0,6,0,3,3,1,-1
244,2.74,5,4,3,3,1,3,3,1,-1
245,2.03,7,2,3,5,0,1,3,0,-1
246,3.86,5,1,1,3,0,1,2,0,-1
247,2.86,7,3,1,2,1,2,0,1,-1
248,3.93,6,4,2,1,0,2,3,0,-1
249,3.93,8,0,0,7,0,3,1,0,-1
250,3.71,7,4,1,1,1,3,1,1,-1
251,2.59,5,5,1,1,0,2,1,0,-1
252,2.77,5,1,2,1,0,1,2,2,-1
253,3.7,9,6,2,7,0,0,0,2,-1
254,2.63,6,1,1,6,1,0,0,2,-1
255,2.34,5,7,1,7,0,3,3,0,-1
256,3.11,4,6,3,6,1,3,0,2,-1
257,3.87,8,6,0,7,1,3,1,3,-1
258,3.39,7,7,3,7,0,0,1,2,-1
259,3.14,9,3,1,3,0,0,2,3,-1
260,2.19,8,7,3,6,0,2,1,0,-1
261,3.23,6,2,3,3,0,1,0,2,-1
262,3.98,9,6,1,5,1,3,1,3,-1
263,2.28,7,6,2,3,0,2,3,0,-1
264,3.04,7,7,1,1,0,0,2,2,-1
265,3.75,4,3,2,4,0,2,2,1,-1
266,3.48,6,4,1,4,0,0,0,2,-1
267,3.39,9,5,1,2,0,1,1,2,-1
268,3.4,9,0,1,2,0,0,1,2,-1
269,2.72,5,3,0,3,0,2,0,1,-1
270,2.59,4,2,2,7,0,1,0,3,-1
271,3.62,4,3,0,7,0,0,3,3,-1
272,3.62,9,1,1,4,1,3,0,1,-1
273,3.73,9,4,3,1,1,0,1,2,-1
274,3.83,8,4,0,6,0,1,3,2,-1
275,3.02,8,6,2,1,1,2,2,2,-1
276,3.0,8,4,1,1,0,1,1,3,-1
277,3.6,4,4,0,3,1,2,2,3,-1
278,3.3,5,7,3,3,1,0,2,1,-1
279,3.4,7,4,0,5,0,0,2,0,-1
280,3.59,8,4,2,1,0,1,1,1,-1
281,3.78,5,0,0,7,0,3,2,3,-1
282,2.68,6,2,3,7,0,0,1,2,-1
283,2.75,8,6,3,1,0,3,2,2,-1
284,2.19,7,7,2,3,1,3,0,2,-1
285,3.16,6,4,3,3,1,1,0,2,-1
286,2.07,6,6,1,5,0,0,1,0,-1
287,2.93,7,2,3,5,0,3,2,1,-1
288,3.09,8,7,1,2,0,0,2,1,-1
289,2.57,4,5,0,4,0,2,2,3,-1
290,3.18,7,4,1,1,1,3,0,1,-1
291,2.06,7,6,1,7,1,1,2,0,-1
292,2.07,7,3,0,1,0,1,2,0,-1
293,3.65,6,7,3,5,0,3,1,0,-1
294,2.72,5,7,1,5,1,0,2,2,-1
295,2.25,4,6,3,2,1,2,0,3,-1
296,3.04,8,4,0,4,1,2,2,0,-1
297,3.54,8,1,2,2,0,1,0,1,-1
298,2.43,5,0,3,7,0,1,0,1,-1
299,3.25,7,3,3,4,0,0,3,1,-1
300,2.17,4,3,2,6,0,1,0,0,-1
301,2.1,8,1,2,1,0,0,3,0,-1
302,3.06,9,4,0,2,0,3,3,1,-1
303,3.08,8,7,3,5,1,2,2,0,-1
304,3.27,7,7,3,2,1,3,3,1,-1
305,3.45,9,0,0,6,1,1,1,2,-1
306,3.95,5,3,3,2,0,2,0,0,-1
307,3.03,4,0,1,1,0,2,1,2,-1
308,2.65,5,3,1,6,0,3,3,2,-1
309,3.59,5,4,1,5,0,0,2,0,-1
310,2.54,4,5,3,5,1,2,0,1,-1
311,2.88,4,3,1,3,0,0,1,3,-1
312,2.16,8,5,1,6,0,3,2,2,-1
313,2.05,8,3,0,3,0,3,3,0,-1
314,3.93,4,7,0,3,1,0,2,2,-1
315,3.67,9,2,2,1,0,3,1,1,-1
316,3.39,6,4,2,2,0,2,2,0,-1
317,2.82,8,1,2,5,0,3,1,3,-1
318,2.35,6,5,2,5,0,3,2,0,-1
319,2.31,9,1,0,2,0,2,0,2,-1
320,2.5,4,4,0,5,1,0,2,0,-1
321,3.1,9,6,0,2,1,3,0,0,-1
322,3.43,8,1,1,6,1,0,1,2,-1
323,3.32,5,4,1,1,1,2,0,3,-1
324,2.56,4,7,2,1,0,0,2,1,-1
325,3.91,7,1,1,7,0,0,0,0,-1
326,3.48,6,5,3,1,0,1,1,3,-1
327,3.11,9,2,0,2,1,1,2,1,-1
328,3.22,4,1,2,7,0,3,0,2,-1
329,2.84,9,5,2,2,1,1,0,3,-1
330,2.5,4,3,3,4,1,1,3,3,-1
331,2.71,8,4,1,7,0,1,0,0,-1
332,3.52,8,0,2,5,0,0,3,2,-1
333,2.03,8,6,1,5,0,0,1,0,-1
334,2.23,9,7,1,4,1,1,3,2,-1
335,2.09,7,0,3,4,0,2,1,1,-1
336,2.08,8,7,2,1,1,1,0,0,-1
337,3.71,4,4,1,4,1,2,0,2,-1
338,3.41,8,7,1,2,0,0,3,2,-1
339,2.95,5,2,3,3,1,2,1,3,-1
340,2.2,8,1,3,2,1,0,0,0,-1
341,2.98,9,2,1,7,0,2,3,0,-1
342,2.95,7,0,3,4,0,0,3,1,-1
343,2.35,5,6,1,5,0,0,3,2,-1
344,2.87,9,5,2,2,0,1,0,3,-1
345,2.8,9,6,0,5,1,3,1,2,-1
346,3.23,9,4,3,2,1,3,0,2,-1
347,3.27,4,4,0,5,1,0,2,2,-1
348,2.09,9,2,1,6,0,1,2,0,-1
349,2.75,4,5,1,2,0,3,0,2,-1
350,3.25,9,2,1,7,0,3,1,1,-1
351,3.01,6,1,0,5,0,1,3,3,-1
352,3.71,5,3,1,3,1,1,2,3,-1
353,3.32,6,5,3,7,0,3,2,2,-1
354,2.33,9,3,2,1,1,3,0,3,-1
355,2.14,5,6,2,2,0,2,2,2,-1
356,3.28,5,1,3,3,0,2,2,0,-1
357,2.05,7,7,2,1,0,0,3,3,-1
358,3.17,6,7,0,2,0,3,3,0,-1
359,3.88,7,3,1,3,0,1,1,0,-1
360,3.15,5,0,1,3,1,1,2,1,-1
361,2.78,4,6,1,7,1,3,1,1,-1
362,3.29,5,3,0,6,0,0,1,3,-1
363,2.92,7,1,0,3,1,1,3,2,-1
364,3.09,6,3,0,6,0,3,3,2,-1
365,3.88,9,4,3,4,0,3,0,2,-1
366,2.77,9,2,0,7,0,0,3,2,-1
367,3.92,6,0,2,5,0,3,1,1,-1
368,3.81,9,4,3,7,1,1,2,2,-1
369,2.39,9,4,3,1,0,2,1,2,-1
370,2.14,7,1,3,5,0,0,1,0,-1
371,2.2,6,2,0,5,0,3,1,2,-1
372,2.04,8,2,3,6,1,0,3,2,-1
373,2.19,4,5,0,5,0,3,1,1,-1
374,3.37,4,6,0,3,1,2,0,3,-1
375,2.14,9,0,3,6,0,0,2,0,-1
376,2.64,4,6,1,5,1,3,3,0,-1
377,3.69,6,1,1,6,0,2,1,3,-1
378,2.05,6,0,3,4,0,1,0,0,-1
379,3.63,5,5,1,6,1,3,2,2,-1
380,2.56,5,3,2,2,1,2,1,2,-1
381,2.24,4,4,2,3,0,2,2,3,-1
382,3.39,8,0,0,1,1,0,3,1,-1
383,3.26,5,6,1,2,0,3,3,1,-1
384,3.75,5,4,2,2,0,1,0,0,-1
385,3.47,6,1,3,2,0,3,3,1,-1
386,3.61,8,6,1,5,0,2,0,1,-1
387,2.56,9,3,2,6,1,1,1,1,-1
388,2.35,4,1,2,6,1,2,2,1,-1
389,3.5,5,7,3,7,1,0,3,1,-1
390,3.61,8,3,0,5,0,3,2,1,-1
391,3.98,8,3,3,3,0,2,2,1,-1
392,2.83,4,4,0,5,1,2,1,0,-1
393,2.74,8,1,2,5,1,3,1,2,-1
394,3.55,8,1,0,5,0,1,3,1,-1
395,2.68,8,0,2,3,0,2,1,2,-1
396,3.86,5,6,2,7,0,3,2,3,-1
397,3.72,4,7,1,3,0,0,0,2,-1
398,2.86,8,1,0,4,0,0,0,3,-1
399,3.5,8,0,0,7,1,3,0,0,-1
400,3.51,5,7,0,4,0,2,3,2,-1
401,2.21,4,2,3,4,0,3,1,3,-1
402,3.81,6,2,1,4,0,3,1,2,-1
403,3.01,5,7,1,6,0,2,1,0,-1
404,3.65,4,2,1,2,1,1,1,2,-1
405,2.64,8,5,3,2,1,1,2,3,-1
406,3.79,4,1,0,4,0,0,0,1,-1
407,2.78,4,5,0,4,1,1,2,1,-1
408,2.02,9,6,0,1,0,3,3,1,-1
409,3.81,4,1,1,2,0,2,0,0,-1
410,2.18,6,0,1,1,0,0,0,1,-1
411,2.64,4,5,2,7,0,1,2,0,-1
412,3.9,6,5,3,1,0,3,3,1,-1
413,3.9,8,6,3,5,1,0,3,0,-1
414,3.15,6,5,1,6,0,2,0,0,-1
415,3.26,8,3,2,7,0,1,1,2,-1
416,2.9,8,0,0,3,0,3,3,1,-1
417,2.59,6,2,1,2,0,2,2,2,-1
418,2.66,5,0,3,4,0,3,3,3,-1
419,3.35,7,3,3,7,1,3,0,1,-1
420,3.5,4,6,3,4,1,3,1,1,-1
421,3.58,9,6,0,3,0,2,3,1,-1
422,3.58,7,1,3,7,0,0,0,1,-1
423,2.18,4,0,0,2,0,3,3,2,-1
424,2.99,4,7,0,7,0,0,1,2,-1
425,2.12,8,7,0,4,0,0,2,0,-1
426,3.1,4,6,1,4,0,1,0,2,-1
427,2.88,9,5,0,5,0,1,0,0,-1
428,3.78,4,6,2,1,0,0,1,3,-1
429,2.7,6,6,3,7,0,1,0,2,-1
430,2.23,7,6,1,4,0,1,1,0,-1
431,2.29,6,6,3,6,1,0,0,1,-1
432,3.52,9,7,0,2,0,2,1,3,-1
433,3.24,4,7,1,6,1,1,3,0,-1
434,2.2,9,2,2,3,1,1,3,3,-1
435,2.17,8,2,0,7,1,2,3,1,-1
436,3.4,6,1,3,5,1,2,0,1,-1
437,2.15,6,6,2,2,0,2,1,0,-1
438,3.64,5,7,0,5,1,0,1,0,-1
439,3.41,4,0,2,1,1,2,2,1,-1
440,2.16,8,3,0,4,0,0,3,0,-1
441,2.17,6,1,1,2,0,3,2,1,-1
442,3.97,6,7,0,3,1,3,3,2,-1
443,2.75,8,0,1,7,0,2,2,0,-1
444,2.74,9,6,0,1,0,2,3,3,-1
445,3.63,9,4,0,1,0,3,1,1,-1
446,3.89,4,6,3,5,0,0,3,2,-1
447,3.97,5,2,2,1,1,0,0,0,-1
448,3.51,6,3,2,2,0,2,3,1,-1
449,2.75,5,7,2,5,0,2,3,2,-1
450,2.17,9,7,0,1,1,2,1,0,-1
451,3.55,9,5,0,7,0,3,0,1,-1
452,3.12,7,3,0,3,0,1,1,1,-1
453,2.85,4,5,1,7,0,2,2,1,-1
454,3.81,7,3,1,6,0,0,2,0,-1
455,2.22,7,2,3,2,0,1,0,2,-1
456,2.99,7,5,0,3,0,0,2,1,-1
457,2.02,4,0,2,3,0,1,0,2,-1
458,2.94,4,5,2,5,0,3,3,2,-1
459,2.11,8,1,3,4,0,1,2,3,-1
460,2.24,5,0,2,5,0,0,3,2,-1
461,2.24,5,1,3,2,0,1,1,2,-1
462,3.3,8,6,0,2,0,3,2,2,-1
463,3.49,8,3,2,5,0,0,1,2,-1
464,3.17,9,0,0,4,0,2,1,2,-1
465,3.92,7,3,1,7,0,1,0,0,-1
466,2.75,8,6,2,5,1,0,1,3,-1
467,2.57,6,4,1,2,0,1,0,1,-1
468,3.74,5,7,2,4,1,3,0,3,-1
469,2.45,8,3,0,2,1,0,0,3,-1
470,3.93,6,6,3,4,1,2,0,1,-1
471,2.02,6,3,0,4,0,2,0,2,-1
472,3.94,6,6,0,5,0,1,3,1,-1
473,2.09,9,1,0,5,0,3,0,2,-1
474,3.78,9,6,2,5,0,3,2,1,-1
475,3.06,6,5,3,4,0,1,0,0,-1
476,3.99,9,4,1,4,0,0,3,3,-1
477,2.15,7,3,0,2,0,0,2,2,-1
478,3.11,6,6,2,3,1,1,2,3,-1
479,3.94,7,6,1,5,1,0,3,2,-1
480,3.05,7,3,0,6,0,0,2,1,-1
481,3.26,6,7,1,2,0,0,3,1,-1
482,3.39,5,4,0,2,0,1,1,1,-1
483,2.91,6,4,1,1,0,2,1,0,-1
484,3.26,6,6,1,5,1,3,0,1,-1
485,3.17,9,0,3,7,1,2,0,1,-1
486,3.8,6,1,3,2,0,0,0,0,-1
487,2.09,5,4,0,1,1,1,0,3,-1
488,2.56,9,4,2,6,1,3,3,3,-1
489,3.9,4,2,3,6,1,0,1,2,-1
490,3.78,4,5,1,7,0,3,3,3,-1
491,2.91,7,4,3,5,1,3,2,2,-1
492,3.24,7,1,3,4,0,2,2,2,-1
493,2.55,5,5,0,1,0,0,2,3,-1
494,2.38,8,5,3,4,1,3,2,3,-1
495,2.93,4,3,3,6,0,2,2,0,-1
496,2.71,7,3,1,6,1,1,1,2,-1
497,3.17,4,3,3,3,0,3,3,3,-1
498,2.16,5,3,1,3,0,0,2,3,-1
499,3.95,5,2,3,7,1,1,0,0,-1
500,3.97,8,4,3,3,0,3,1,3,-1
501,3.4,8,3,2,3,0,3,0,1,-1
502,3.07,9,6,3,7,0,0,1,1,-1
503,2.62,5,0,1,2,0,3,1,2,-1
504,3.63,7,3,1,3,1,0,0,0,-1
505,3.37,4,4,0,2,0,0,0,3,-1
506,2.33,6,3,0,2,1,0,2,2,-1
507,3.82,8,2,2,5,1,0,0,3,-1
508,3.65,6,1,1,2,1,3,3,1,-1
509,3.9,7,1,1,2,1,1,1,3,-1
510,3.45,8,4,1,3,0,1,1,3,-1
511,3.23,6,6,2,2,0,2,2,3,-1
512,2.84,7,1,1,4,0,0,1,1,-1
513,3.87,4,7,0,7,1,3,0,1,-1
514,3.73,7,1,2,3,0,3,1,0,-1
515,2.09,9,0,0,7,0,2,1,1,-1
516,2.05,8,4,0,1,1,1,0,2,-1
517,2.75,5,6,2,3,1,3,0,3,-1
518,3.62,4,4,3,2,0,2,1,1,-1
519,3.97,6,1,3,4,0,1,3,2,-1
520,2.3,8,1,0,7,0,3,0,1,-1
521,3.19,5,1,3,3,0,0,3,3,-1
522,2.76,7,5,1,4,0,2,3,2,-1
523,3.94,5,2,2,7,1,3,2,1,-1
524,3.68,8,3,0,1,0,2,3,1,-1
525,3.68,8,7,1,6,1,2,2,2,-1
526,2.94,9,2,3,1,0,2,3,0,-1
527,2.83,9,4,1,6,0,0,2,2,-1
528,2.55,5,7,3,5,0,1,0,2,-1
529,2.11,7,0,0,6,0,1,1,2,-1
530,3.73,5,3,1,5,0,3,1,2,-1
531,3.63,8,0,2,3,0,0,2,1,-1
532,4.0,8,6,0,5,0,1,0,2,-1
533,3.99,6,5,1,4,0,3,2,2,-1
534,3.11,9,4,1,5,0,3,2,3,-1
535,3.54,6,5,3,4,1,2,0,1,-1
536,3.89,4,4,0,7,0,0,3,3,-1
537,3.7,8,0,0,7,0,1,3,1,-1
538,2.49,6,0,0,6,1,0,0,0,-1
539,2.9,5,0,0,6,0,0,2,0,-1
540,2.26,9,4,3,6,0,1,1,1,-1
541,3.91,9,1,2,5,0,1,2,0,-1
542,3.21,7,0,0,6,1,0,3,0,-1
543,2.46,5,5,3,5,0,3,0,1,-1
544,3.34,7,6,2,5,0,0,0,2,-1
545,3.24,6,3,2,2,0,1,0,3,-1
546,2.72,4,4,3,2,1,0,3,1,-1
547,2.23,5,7,0,5,1,1,2,1,-1
548,3.34,5,5,2,7,0,3,0,1,-1
549,3.04,5,2,0,4,0,0,1,3,-1
550,3.54,7,6,0,3,1,3,0,1,-1
551,3.04,6,2,1,1,1,0,2,3,-1
552,3.7,5,3,0,2,1,0,3,3,-1
553,3.1,5,1,1,5,0,1,1,0,-1
554,3.12,9,0,2,1,1,2,1,2,-1
555,3.75,4,4,3,2,1,1,0,0,-1
556,2.81,9,5,1,3,1,0,2,1,-1
557,2.27,9,7,3,4,0,2,0,1,-1
558,2.06,4,0,2,5,0,2,1,3,-1
559,3.51,6,5,0,3,1,3,0,0,-1
560,3.24,9,4,2,7,0,0,2,3,-1
561,3.41,6,2,3,2,1,1,3,0,-1
562,2.43,9,0,2,5,1,2,1,0,-1
563,2.27,8,3,0,1,0,2,2,0,-1
564,2.03,4,1,2,7,0,1,0,0,-1
565,2.7,9,3,0,7,0,1,1,0,-1
566,3.18,8,1,1,6,1,2,0,2,-1
567,2.78,7,6,3,4,0,1,0,1,-1
568,2.87,8,5,0,7,0,3,3,0,-1
569,3.81,5,0,0,2,0,2,0,0,-1
570,2.7,9,0,2,4,1,3,0,3,-1
571,3.03,8,6,1,5,0,0,2,1,-1
572,3.57,6,1,0,6,0,3,0,1,-1
573,2.79,7,2,1,3,0,1,3,1,-1
574,3.24,9,4,1,4,1,2,0,0,-1
575,3.72,5,3,2,1,0,3,0,3,-1
576,3.9,8,6,0,2,1,1,0,1,-1
577,2.29,7,7,2,1,0,1,1,3,-1
578,3.85,9,7,3,4,1,3,3,2,-1
579,2.98,7,5,3,6,0,2,1,2,-1
580,2.52,5,6,0,3,1,3,3,3,-1
581,2.92,8,3,1,3,1,0,3,0,-1
582,3.96,7,3,0,1,1,3,2,1,-1
583,2.99,7,5,0,5,1,3,1,2,-1
584,2.66,4,5,3,5,0,2,3,2,-1
585,3.27,7,0,3,6,0,3,3,3,-1
586,2.48,4,3,1,3,0,1,2,0,-1
587,2.15,8,4,1,1,1,2,1,3,-1
588,2.26,9,7,0,1,0,1,0,3,-1
589,2.26,9,4,2,1,0,2,2,3,-1
590,2.3,8,1,0,4,0,0,3,3,-1
591,2.28,8,6,1,6,0,0,1,3,-1
592,3.28,6,5,2,5,0,0,3,0,-1
593,2.36,8,0,3,5,0,3,2,3,-1
594,2.69,7,4,1,4,0,0,2,0,-1
595,3.79,9,2,1,2,1,2,1,1,-1
596,2.95,5,7,2,4,1,0,2,1,-1
597,3.34,9,0,1,6,0,2,2,1,-1
598,2.34,4,0,1,1,0,1,0,1,-1
599,2.38,9,4,1,4,1,3,3,2,-1
600,2.08,6,2,1,1,1,1,0,0,-1
601,2.34,8,1,1,6,0,1,0,1,-1
602,2.56,8,4,1,7,0,0,1,2,-1
603,2.35,9,2,1,6,1,0,2,0,-1
604,2.18,5,0,1,3,0,0,3,2,-1
605,2.24,5,7,3,1,0,1,3,2,-1
606,2.92,6,2,1,5,0,3,3,3,-1
607,2.41,4,0,3,4,1,3,2,2,-1
608,2.73,9,6,3,7,0,1,3,2,-1
609,3.01,8,4,0,6,0,3,3,0,-1
610,3.38,9,5,0,1,1,1,2,2,-1
611,2.08,6,4,3,7,0,1,1,3,-1
612,3.6,7,6,3,2,1,3,3,1,-1
613,3.26,7,3,1,3,1,2,2,1,-1
614,2.16,6,3,0,2,0,2,0,0,-1
615,3.75,8,3,2,6,1,0,2,0,-1
616,3.84,6,4,0,2,1,3,0,2,-1
617,2.12,8,1,3,2,0,0,2,0,-1
618,2.55,5,4,3,3,1,1,3,2,-1
619,3.61,6,7,1,3,0,2,1,0,-1
620,3.5,8,6,1,3,0,3,1,1,-1
621,2.37,6,7,0,7,1,3,3,1,-1
622,2.42,6,6,1,3,1,3,0,1,-1
623,2.74,8,5,2,2,0,2,2,1,-1
624,2.97,8,2,2,5,0,0,3,2,-1
625,3.24,4,4,1,5,1,2,2,2,-1
626,2.74,6,4,2,3,1,0,3,2,-1
627,2.93,7,0,2,7,0,1,3,1,-1
628,3.49,6,6,0,4,1,1,2,3,-1
629,2.07,6,0,2,1,0,0,1,1,-1
630,2.5,8,0,3,6,0,1,1,1,-1
631,3.43,6,4,3,7,0,1,0,3,-1
632,3.79,9,1,0,4,1,3,2,3,-1
633,3.02,6,2,1,6,1,3,0,0,-1
634,3.06,9,2,0,4,0,2,3,1,-1
635,2.21,7,7,1,4,1,2,0,3,-1
636,2.89,8,6,1,5,1,2,3,0,-1
637,3.07,6,5,1,1,0,3,2,3,-1
638,2.48,9,6,1,4,1,2,2,3,-1
639,2.54,9,1,1,3,0,2,2,0,-1
640,2.75,9,1,0,6,0,3,2,1,-1
641,2.04,5,2,1,7,0,0,0,0,-1
642,2.64,4,3,2,5,0,3,3,1,-1
643,2.42,7,0,2,6,0,0,1,3,-1
644,2.65,6,0,1,3,1,3,2,0,-1
645,2.24,5,2,2,3,1,2,2,2,-1
646,3.78,6,6,3,4,0,1,3,3,-1
647,3.19,6,1,0,3,0,1,1,0,-1
648,3.36,8,6,0,1,1,0,2,3,-1
649,3.58,8,5,1,3,0,0,1,0,-1
650,3.0,8,3,1,4,0,0,2,1,-1
651,2.17,5,2,3,6,1,1,0,2,-1
652,3.07,6,0,1,3,0,0,0,3,-1
653,3.17,4,4,2,5,1,3,1,2,-1
654,3.49,7,6,3,7,0,3,3,1,-1
655,2.86,8,1,2,5,0,1,3,0,-1
656,2.26,8,4,0,5,1,3,0,2,-1
657,2.57,6,5,2,6,1,0,3,0,-1
658,2.73,6,2,0,2,0,1,3,1,-1
659,3.29,5,6,2,7,0,0,3,3,-1
660,3.14,5,0,0,5,0,3,1,1,-1
661,2.71,8,6,1,5,1,0,1,2,-1
662,3.97,6,3,2,2,1,1,3,2,-1
663,3.21,4,7,0,6,1,0,0,2,-1
664,2.47,7,4,2,7,0,3,3,0,-1
665,2.2,6,3,3,5,1,2,2,3,-1
666,2.31,6,5,1,4,1,1,0,2,-1
667,2.49,9,0,0,6,0,0,1,2,-1
668,2.32,5,4,3,7,0,1,2,2,-1
669,2.37,7,5,2,5,1,0,3,1,-1
670,2.57,8,3,3,5,0,2,3,2,-1
671,2.35,6,3,2,2,0,3,0,1,-1
672,3.79,8,7,1,7,1,0,0,2,-1
673,2.16,6,4,3,4,1,0,3,1,-1
674,3.05,8,0,1,6,1,2,3,0,-1
675,2.82,7,3,0,3,0,1,0,0,-1
676,3.96,5,2,2,1,0,3,2,1,-1
677,2.22,7,7,2,4,1,0,1,3,-1
678,2.8,9,5,1,3,1,0,0,3,-1
679,3.94,4,4,1,4,0,3,2,1,-1
680,3.73,5,1,0,7,0,2,3,0,-1
681,3.63,7,1,3,3,0,1,1,1,-1
682,2.52,9,0,2,7,0,3,2,3,-1
683,2.34,4,2,2,3,0,1,1,1,-1
684,3.34,9,3,0,4,0,2,1,0,-1
685,3.86,6,1,0,2,1,2,1,3,-1
686,3.11,6,0,1,4,0,3,2,3,-1
687,3.14,8,5,1,7,1,0,2,2,-1
688,2.56,5,7,3,4,0,2,3,2,-1
689,3.54,6,2,0,3,0,2,1,3,-1
690,2.37,9,2,3,1,0,3,0,3,-1
691,2.65,5,6,0,3,1,3,0,1,-1
692,2.85,6,0,2,5,1,3,0,0,-1
693,3.02,8,0,0,4,1,2,2,3,-1
694,2.48,7,6,0,6,1,1,3,0,-1
695,2.23,8,7,2,4,0,2,2,3,-1
696,3.22,4,3,0,2,0,3,1,0,-1
697,2.58,6,0,3,7,1,0,0,2,-1
698,3.16,4,6,1,6,1,0,2,3,-1
699,2.31,4,3,1,3,0,3,0,1,-1
700,2.96,9,7,3,2,1,0,2,0,-1
701,3.07,5,3,2,4,0,2,0,3,-1
702,2.1,9,4,0,3,1,1,1,2,-1
703,2.67,6,2,3,3,1,2,0,2,-1
704,2.27,4,5,1,5,1,3,1,2,-1
705,2.13,7,2,1,5,1,2,1,2,-1
706,3.98,4,2,3,1,0,0,2,3,-1
707,2.64,7,4,1,5,1,2,2,1,-1
708,3.62,9,3,3,7,0,1,2,0,-1
709,2.51,9,3,1,6,0,0,1,1,-1
710,3.36,5,0,3,3,1,1,3,0,-1
711,3.52,4,4,0,5,1,1,3,1,-1
712,3.19,8,0,0,1,0,1,1,3,-1
713,2.94,9,4,0,4,0,2,1,3,-1
714,2.82,9,0,0,6,0,2,2,0,-1
715,2.7,5,1,1,5,1,2,2,3,-1
716,3.86,7,6,2,3,1,2,2,0,-1
717,3.66,5,2,3,4,1,0,3,1,-1
718,3.93,4,2,2,7,0,2,3,3,-1
719,2.25,6,7,1,3,0,0,1,3,-1
720,3.46,6,5,1,4,0,1,3,0,-1
721,3.88,7,6,2,7,0,0,2,0,-1
722,2.36,9,3,2,7,1,3,2,0,-1
723,2.13,7,5,1,6,0,2,2,0,-1
724,3.48,9,1,1,3,0,3,2,2,-1
725,3.15,9,7,3,5,1,0,2,0,-1
726,3.68,6,5,0,5,0,2,0,2,-1
727,2.28,7,7,0,1,0,3,1,1,-1
728,3.59,5,2,3,4,0,2,1,0,-1
729,2.4,9,3,2,1,0,0,3,2,-1
730,2.33,8,1,1,2,1,3,2,2,-1
731,2.33,8,2,2,5,0,0,0,2,-1
732,3.63,5,6,0,4,1,3,2,3,-1
733,3.33,8,0,0,6,0,1,2,2,-1
734,3.05,4,4,2,1,1,1,3,0,-1
735,2.72,9,1,0,6,0,1,0,0,-1
736,3.75,5,3,1,6,0,1,0,0,-1
737,2.78,7,7,3,6,0,1,1,2,-1
738,3.63,9,5,2,1,1,0,2,2,-1
739,2.88,5,6,1,2,1,1,0,3,-1
740,2.75,6,5,1,7,0,0,1,1,-1
741,2.93,7,1,0,7,0,1,0,3,-1
742,2.6,6,6,1,1,0,2,2,0,-1
743,3.5,9,3,2,7,1,1,1,0,-1
744,3.01,7,1,1,3,0,2,0,0,-1
745,2.46,8,3,3,7,0,0,3,3,-1
746,3.8,5,5,1,5,0,1,0,0,-1
747,2.77,9,2,1,1,0,3,2,0,-1
748,3.09,4,6,3,7,0,0,3,0,-1
749,3.81,7,0,1,1,1,1,0,2,-1
750,3.25,7,2,1,2,1,0,0,1,-1
751,2.23,9,0,0,3,0,3,1,2,-1
752,3.88,9,5,2,1,1,1,2,2,-1
753,3.26,6,7,0,5,0,3,0,1,-1
754,2.67,8,6,2,7,0,1,0,1,-1
755,2.28,6,2,3,5,0,2,0,3,-1
756,3.59,6,2,3,7,0,0,2,1,-1
757,3.24,8,1,3,1,1,3,3,3,-1
758,3.07,4,4,2,6,1,0,2,3,-1
759,3.79,6,5,2,7,0,3,1,2,-1
760,3.58,6,3,2,6,1,0,1,0,-1
761,2.3,7,5,3,3,0,0,2,2,-1
762,2.62,8,3,2,5,0,0,0,2,-1
763,2.5,5,6,1,6,1,2,0,1,-1
764,3.49,4,3,0,5,1,1,3,1,-1
765,2.07,4,7,3,7,0,2,2,3,-1
766,3.14,8,0,0,7,0,0,2,3,-1
767,3.52,9,3,1,3,1,3,0,3,-1
768,3.75,9,3,2,7,0,0,1,1,-1
769,2.68,7,1,0,3,0,1,1,3,-1
770,3.64,7,2,1,6,0,2,3,3,-1
771,2.22,8,5,1,7,1,1,3,1,-1
772,3.69,7,5,0,1,1,3,1,0,-1
773,2.25,4,6,3,4,0,1,2,2,-1
774,2.79,4,6,0,2,0,2,3,1,-1
775,3.59,5,7,3,4,0,3,0,3,-1
776,2.3,9,3,2,4,0,1,2,2,-1
777,2.46,8,4,3,5,0,2,0,1,-1
778,3.44,6,5,2,3,1,2,3,2,-1
779,3.44,9,6,0,5,0,0,1,2,-1
780,3.28,6,3,2,6,0,1,3,0,-1
781,3.39,5,6,1,2,1,3,1,3,-1
782,3.09,5,7,2,6,1,0,2,1,-1
783,2.5,7,0,3,1,0,1,3,3,-1
784,2.69,5,0,3,2,1,1,3,0,-1
785,2.36,5,6,3,5,1,3,3,0,-1
786,3.82,6,0,2,7,0,0,2,1,-1
787,3.17,7,6,3,7,0,0,0,1,-1
788,2.8,5,3,3,5,0,3,0,0,-1
789,2.92,9,1,1,6,0,0,1,1,-1
790,3.89,5,4,2,5,1,2,3,2,-1
791,2.31,7,3,1,5,1,3,0,2,-1
792,3.17,8,1,3,4,1,1,2,0,-1
793,3.01,7,1,3,1,1,3,3,3,-1
794,3.22,6,5,3,7,0,2,1,1,-1
795,2.04,8,3,2,4,0,3,0,1,-1
796,3.74,9,3,0,5,0,1,2,2,-1
797,3.86,4,6,3,3,1,1,2,1,-1
798,3.13,7,1,3,4,1,3,1,3,-1
799,3.39,6,1,3,5,0,3,0,1,-1
800,3.84,9,1,3,7,0,2,3,1,-1
801,3.41,8,6,2,5,1,2,2,2,-1
802,2.31,9,5,0,1,0,1,1,1,-1
803,3.15,7,3,0,6,1,0,2,0,-1
804,3.21,5,1,0,2,1,0,2,0,-1
805,2.85,7,0,3,4,0,0,0,3,-1
806,3.47,4,3,3,4,1,0,0,3,-1
807,3.87,7,6,0,4,0,1,3,3,-1
808,3.85,8,5,0,5,1,0,2,3,-1
809,2.9,8,0,3,1,1,0,1,2,-1
810,2.23,7,6,3,5,1,3,2,1,-1
811,3.97,8,2,1,5,0,0,1,2,-1
812,3.68,5,3,1,6,0,3,2,3,-1
813,2.25,9,2,1,3,0,1,1,1,-1
814,3.84,7,6,0,1,0,3,2,0,-1
815,3.74,5,6,2,4,0,2,2,2,-1
816,3.04,9,6,3,2,1,3,3,1,-1
817,3.18,9,1,1,4,1,0,0,0,-1
818,2.8,5,5,2,5,1,3,0,0,-1
819,2.11,6,1,3,1,1,3,1,3,-1
820,2.67,7,5,2,7,0,1,2,0,-1
821,3.61,9,4,0,1,1,1,2,0,-1
822,2.01,9,1,0,1,1,0,0,3,-1
823,2.67,8,2,0,3,1,2,1,1,-1
824,2.8,9,5,1,4,0,2,3,1,-1
825,3.07,5,1,3,3,0,3,3,3,-1
826,3.84,9,3,0,7,0,2,3,2,-1
827,2.69,6,6,1,7,1,1,2,3,-1
828,2.69,7,5,1,6,1,0,1,1,-1
829,3.48,7,5,1,2,1,0,0,2,-1
830,2.9,9,1,1,6,0,1,2,3,-1
831,2.45,4,4,0,5,1,0,2,1,-1
832,2.9,4,1,1,3,0,3,3,1,-1
833,2.28,5,7,0,3,0,0,1,1,-1
834,2.35,4,2,0,6,1,2,1,0,-1
835,3.0,5,2,1,5,1,0,3,0,-1
836,2.84,8,5,0,1,1,0,3,2,-1
837,3.83,5,5,3,5,0,1,3,2,-1
838,2.72,4,1,3,4,0,1,2,2,-1
839,3.16,9,2,2,6,0,2,2,0,-1
840,3.26,8,2,3,5,0,1,2,2,-1
841,2.03,4,4,0,1,0,2,0,1,-1
842,3.33,5,3,0,5,0,3,0,1,-1
843,2.36,6,4,3,3,1,2,1,2,-1
844,3.92,7,7,1,2,1,0,3,2,-1
845,2.3,4,0,1,3,1,2,3,0,-1
846,2.83,5,6,0,7,0,3,2,1,-1
847,2.17,8,4,1,2,1,0,0,3,-1
848,3.99,4,7,2,7,0,2,3,3,-1
849,3.0,4,1,2,5,1,1,1,0,-1
850,3.19,7,3,3,4,0,1,3,0,-1
851,2.13,5,1,3,5,1,1,2,0,-1
852,3.5,6,6,1,1,1,2,2,1,-1
853,2.42,8,7,0,5,0,2,0,2,-1
854,3.8,5,0,3,2,0,3,1,2,-1
855,2.41,8,3,2,3,0,0,1,0,-1
856,2.38,4,5,3,4,1,0,3,1,-1
857,2.07,7,2,3,7,1,0,1,3,-1
858,2.94,7,4,2,5,0,0,3,0,-1
859,3.13,9,7,0,5,0,2,3,1,-1
860,2.13,6,1,3,3,1,2,0,0,-1
861,3.55,7,0,3,4,0,3,1,1,-1
862,2.91,4,2,3,6,0,0,2,1,-1
863,3.05,6,4,1,7,0,2,3,0,-1
864,2.88,5,2,3,5,1,2,3,2,-1
865,2.8,7,4,2,5,1,2,3,0,-1
866,3.12,6,7,0,6,0,2,1,2,-1
867,2.31,4,5,0,7,0,0,1,2,-1
868,2.36,9,3,2,2,0,0,1,3,-1
869,3.72,8,7,1,2,1,2,3,1,-1
870,3.89,8,2,2,1,1,1,2,0,-1
871,2.75,4,2,0,3,0,3,2,1,-1
872,2.54,4,2,2,4,1,0,1,3,-1
873,3.29,8,3,1,5,1,0,2,2,-1
874,2.82,9,0,0,7,1,1,3,0,-1
875,2.05,6,4,1,5,0,0,1,1,-1
876,2.31,8,7,2,1,1,1,1,3,-1
877,3.43,4,7,3,7,0,1,3,2,-1
878,3.32,7,5,2,7,0,2,1,2,-1
879,2.05,5,2,1,5,0,0,3,1,-1
880,2.44,9,6,2,3,0,3,1,2,-1
881,2.46,9,7,3,1,1,1,2,3,-1
882,3.34,7,3,1,3,0,3,1,2,-1
883,2.04,7,0,2,1,0,2,1,0,-1
884,2.21,4,7,1,5,0,0,1,0,-1
885,3.6,8,4,1,1,0,2,0,1,-1
886,2.36,6,3,0,2,0,2,2,3,-1
887,3.31,9,5,0,7,0,3,3,2,-1
888,2.48,9,5,1,4,1,3,0,2,-1
889,2.2,7,4,2,5,0,1,2,2,-1
890,2.49,8,2,2,6,0,0,1,0,-1
891,3.44,9,5,2,4,1,2,1,3,-1
892,3.71,6,0,3,5,0,1,3,2,-1
893,3.66,7,3,1,4,1,1,3,1,-1
894,2.79,6,7,1,2,0,2,2,3,-1
895,3.34,8,0,3,4,0,2,2,3,-1
896,2.41,9,2,1,1,0,1,3,2,-1
897,2.59,5,0,1,4,0,2,2,0,-1
898,3.79,9,0,3,5,1,2,3,3,-1
899,2.03,8,1,0,6,1,3,1,1,-1
900,2.17,9,0,1,6,1,0,3,3,-1
901,2.42,9,4,3,3,0,1,0,0,-1
902,2.05,4,3,2,7,0,2,3,1,-1
903,2.36,9,1,0,4,0,1,3,0,-1
904,3.17,9,3,2,6,1,0,0,2,-1
905,2.84,6,3,1,4,0,1,0,3,-1
906,3.79,5,2,0,7,1,1,0,1,-1
907,3.63,6,2,3,6,0,1,0,0,-1
908,2.68,6,1,1,7,0,3,3,2,-1
909,2.52,7,5,3,4,0,0,2,1,-1
910,2.76,4,6,0,5,0,0,0,3,-1
911,3.18,6,2,2,4,0,1,1,3,-1
912,2.54,8,6,1,7,0,1,3,0,-1
913,3.25,8,2,1,5,0,0,2,1,-1
914,2.82,9,2,3,5,0,2,1,2,-1
915,3.1,7,3,0,3,1,3,3,2,-1
916,2.87,4,1,3,6,1,0,3,2,-1
917,2.59,4,3,0,1,0,1,1,0,-1
918,3.9,9,7,1,5,0,2,0,2,-1
919,3.53,8,4,0,7,1,2,0,1,-1
920,2.28,5,3,1,6,0,2,1,0,-1
921,3.74,7,6,0,2,1,3,2,3,-1
922,2.97,9,6,2,4,1,3,0,0,-1
923,3.79,7,4,0,7,0,0,3,0,-1
924,3.6,8,0,2,2,0,0,3,0,-1
925,2.85,8,0,0,7,0,0,2,1,-1
926,2.04,5,4,0,4,0,0,3,3,-1
927,2.54,5,4,3,3,0,1,0,3,-1
928,3.08,4,3,3,7,0,3,2,0,-1
929,3.27,7,4,1,5,1,2,0,0,-1
930,2.52,7,7,3,1,1,1,2,0,-1
931,2.28,8,1,0,5,1,0,1,1,-1
932,3.67,4,0,3,4,0,0,3,1,-1
933,3.97,9,0,0,7,1,1,2,2,-1
934,3.05,7,7,2,1,1,2,1,3,-1
935,2.34,4,5,0,5,1,3,0,2,-1
936,2.54,4,7,1,1,0,3,1,2,-1
937,2.04,8,7,2,4,1,2,0,0,-1
938,3.83,4,4,1,3,0,3,2,1,-1
939,2.24,5,2,1,3,1,0,2,2,-1
940,3.15,5,2,1,7,1,0,3,2,-1
941,2.55,6,7,3,5,1,0,3,2,-1
942,3.11,8,4,1,2,0,0,2,0,-1
943,3.3,9,1,2,4,0,2,0,0,-1
944,3.66,6,2,0,5,1,3,0,1,-1
945,2.41,5,5,1,5,1,3,2,2,-1
946,2.02,6,6,2,3,0,1,0,2,-1
947,2.27,8,4,1,7,1,2,2,1,-1
948,3.8,8,7,0,1,1,3,3,1,-1
949,3.75,4,1,2,4,1,3,0,1,-1
950,3.19,7,1,2,1,1,1,3,3,-1
951,3.2,4,3,0,6,1,0,1,1,-1
952,3.33,8,1,2,6,1,3,3,0,-1
953,2.35,5,2,0,4,1,0,1,3,-1
954,3.83,9,7,2,7,0,1,3,1,-1
955,2.84,5,6,2,2,1,3,3,0,-1
956,2.77,4,2,0,6,0,0,0,1,-1
957,3.04,9,4,0,3,1,2,3,1,-1
958,2.09,8,6,2,2,0,0,2,3,-1
959,2.33,5,4,2,5,1,0,0,0,-1
960,3.48,8,1,0,6,0,0,0,2,-1
961,2.17,9,5,3,3,1,0,0,1,-1
962,3.21,9,0,0,5,0,2,3,3,-1
963,2.49,5,6,2,2,1,1,0,0,-1
964,2.78,8,7,2,4,1,0,1,1,-1
965,2.58,6,3,2,5,0,0,1,2,-1
966,2.71,8,0,0,1,0,3,3,0,-1
967,3.44,9,1,2,4,1,3,0,0,-1
968,2.59,8,1,3,4,0,2,2,3,-1
969,3.13,4,7,1,2,1,2,2,1,-1
970,2.95,6,0,3,2,1,2,1,1,-1
971,3.33,7,3,0,3,0,3,3,0,-1
972,3.87,4,6,2,3,1,0,3,1,-1
973,3.47,7,6,0,1,0,3,3,0,-1
974,2.43,5,0,1,4,1,1,3,2,-1
975,2.06,7,4,0,7,0,2,3,3,-1
976,2.52,8,2,2,1,0,2,0,1,-1
977,3.19,7,5,1,1,0,2,0,1,-1
978,2.1,9,4,1,7,0,1,0,3,-1
979,2.99,4,6,2,7,1,0,2,2,-1
980,3.19,4,2,2,7,0,0,0,2,-1
981,2.67,7,5,2,2,1,0,3,2,-1
982,3.54,4,5,0,1,0,2,3,2,-1
983,2.21,9,5,3,1,0,0,2,2,-1
984,2.15,4,1,0,5,0,3,2,0,-1
985,3.46,7,7,0,7,0,2,1,1,-1
986,2.99,6,5,3,7,1,1,2,1,-1
987,3.38,6,3,2,3,0,1,1,1,-1
988,2.87,5,0,2,3,1,0,0,0,-1
989,2.49,4,6,3,4,0,2,3,3,-1
990,3.64,7,3,3,3,1,3,1,2,-1
991,3.6,4,0,0,6,0,3,1,3,-1
992,3.39,8,4,1,4,1,2,1,2,-1
993,2.54,9,7,3,7,0,0,2,2,-1
994,3.18,4,4,0,5,1,1,2,3,-1
995,2.72,4,0,1,3,0,1,2,1,-1
996,2.18,6,3,2,5,1,3,1,0,-1
997,3.83,9,0,2,3,0,3,0,3,-1
998,2.27,7,5,0,3,1,3,3,1,-1
999,3.9,4,1,0,5,0,1,2,2,-1
1000,2.89,6,6,3,1,1,3,0,1,-1
1001,2.37,5,4,2,1,0,1,2,2,-1
1002,3.08,9,6,0,1,1,1,2,2,-1
1003,3.75,6,1,2,6,0,0,1,1,-1
1004,3.46,6,5,2,1,1,0,1,2,-1
1005,3.61,6,5,3,3,1,0,2,0,-1
1006,3.32,4,4,1,7,0,3,3,1,-1
1007,3.38,4,4,3,2,1,1,2,3,-1
1008,3.7,5,5,0,5,1,3,3,2,-1
1009,2.5,8,2,3,7,0,1,0,2,-1
1010,2.98,8,6,3,2,0,0,2,0,-1
1011,2.44,8,7,2,7,0,0,3,0,-1
1012,3.98,9,1,3,6,1,3,0,3,-1
1013,3.89,9,6,0,2,1,1,0,2,-1
1014,2.08,5,1,1,4,0,3,1,3,-1
1015,3.41,9,2,3,1,1,2,0,3,-1
1016,3.85,8,7,3,6,0,3,1,2,-1
1017,2.36,8,3,1,7,1,0,0,3,-1
1018,3.14,6,1,0,3,0,1,0,3,-1
1019,3.83,9,6,0,1,0,1,3,0,-1
1020,2.07,4,0,3,1,0,3,3,0,-1
1021,3.39,4,7,2,2,1,0,1,3,-1
1022,2.59,6,5,3,4,0,2,2,2,-1
1023,3.85,6,5,1,1,1,3,3,0,-1
1024,3.94,6,2,1,7,0,1,0,3,-1
1025,3.89,4,1,1,7,0,0,1,1,-1
1026,2.95,8,3,3,5,1,1,1,1,-1
1027,3.72,6,1,3,5,0,1,1,3,-1
1028,3.69,5,5,0,1,0,1,0,1,-1
1029,2.64,6,4,2,2,1,1,3,0,-1
1030,3.66,7,0,3,2,0,2,2,2,-1
1031,2.07,6,7,0,3,1,0,1,3,-1
1032,3.19,4,2,3,6,1,3,0,0,-1
1033,2.46,9,4,0,6,0,0,3,2,-1
1034,2.24,6,6,0,6,0,0,3,1,-1
1035,2.15,9,3,2,4,1,0,2,1,-1
1036,3.39,7,4,3,2,0,3,1,1,-1
1037,2.68,5,6,0,3,0,0,0,1,-1
1038,3.45,9,4,1,5,0,3,3,0,-1
1039,2.13,8,3,1,7,0,3,0,0,-1
1040,2.63,6,7,1,6,1,2,3,2,-1
1041,3.08,7,4,2,5,0,1,1,3,-1
1042,3.58,7,2,0,5,0,3,1,2,-1
1043,2.64,9,5,2,1,1,1,2,3,-1
1044,3.25,5,1,3,4,0,0,3,1,-1
1045,3.77,4,4,3,3,1,1,0,1,-1
1046,3.23,6,2,0,4,1,1,3,1,-1
1047,2.47,7,1,1,1,0,1,0,1,-1
1048,2.05,5,7,0,3,0,0,2,0,-1
1049,3.74,8,6,0,3,0,0,3,2,-1
1050,2.04,7,1,0,2,0,3,1,3,-1
1051,3.75,5,6,2,4,0,3,0,3,-1
1052,3.06,4,4,3,4,0,2,1,0,-1
1053,3.88,4,2,0,2,0,0,2,1,-1
1054,3.6,7,5,0,5,1,2,2,2,-1
1055,4.0,7,4,0,1,1,0,0,1,-1
1056,2.7,9,6,2,4,1,1,3,0,-1
1057,3.53,6,3,2,2,0,2,1,3,-1
1058,2.8,5,1,2,7,0,2,1,0,-1
1059,2.96,7,4,0,3,1,2,0,3,-1
1060,3.26,6,6,1,6,1,0,0,2,-1
1061,3.75,9,7,1,7,1,3,0,3,-1
1062,3.97,6,1,1,2,1,2,2,2,-1
1063,3.54,7,7,3,6,0,3,2,1,-1
1064,2.84,4,6,0,5,0,0,1,1,-1
1065,2.84,5,2,1,1,1,2,3,0,-1
1066,3.48,5,0,1,6,0,0,0,2,-1
1067,2.48,4,7,1,5,0,3,2,1,-1
1068,2.22,7,4,0,6,0,3,3,2,-1
1069,2.71,5,5,1,3,1,2,0,1,-1
1070,2.57,7,4,1,3,0,3,3,1,-1
1071,2.59,9,1,0,3,1,1,0,3,-1
1072,2.47,7,2,3,3,0,1,3,0,-1
1073,2.08,6,6,2,2,0,2,1,3,-1
1074,2.04,4,3,1,3,0,0,0,2,-1
1075,3.98,7,5,2,7,1,0,0,1,-1
1076,2.86,9,2,3,3,1,0,1,0,-1
1077,2.77,8,7,3,7,1,1,0,1,-1
1078,3.36,4,7,1,2,0,3,0,1,-1
1079,2.44,5,4,0,3,1,1,2,3,-1
1080,3.9,6,3,3,5,1,3,1,2,-1
1081,3.57,5,2,2,5,0,1,2,0,-1
1082,2.18,9,0,2,4,0,0,1,0,-1
1083,2.84,9,5,2,5,0,0,3,0,-1
1084,3.76,5,1,2,1,1,0,1,2,-1
1085,3.89,4,2,3,1,0,2,1,0,-1
1086,2.93,5,2,1,1,1,2,2,2,-1
1087,3.23,7,0,1,2,0,3,0,0,-1
1088,2.33,5,4,2,5,1,2,1,1,-1
1089,3.98,6,6,1,7,0,1,0,2,-1
1090,2.46,6,6,2,1,0,1,1,3,-1
1091,3.89,8,5,2,4,0,3,2,0,-1
1092,3.3,6,5,0,2,0,3,1,3,-1
1093,3.22,5,1,3,4,1,0,3,2,-1
1094,3.03,6,2,3,5,1,2,1,1,-1
1095,2.46,4,3,2,3,0,0,1,3,-1
1096,2.35,6,2,3,4,0,2,0,3,-1
1097,2.44,7,6,1,3,0,2,0,1,-1
1098,2.37,4,1,2,2,0,3,3,1,-1
1099,3.56,8,2,0,4,0,0,1,2,-1
1100,2.7,7,0,1,4,0,0,0,0,-1
1101,2.12,5,6,0,6,1,2,1,3,-1
1102,3.94,5,2,0,2,0,2,2,3,-1
1103,3.77,5,2,3,2,1,3,2,2,-1
1104,3.86,7,6,3,1,1,1,3,0,-1
1105,3.99,7,3,2,5,0,0,2,2,-1
1106,2.35,7,6,3,4,0,0,0,3,-1
1107,2.79,4,0,0,4,0,3,0,3,-1
1108,3.52,9,0,0,7,0,3,3,1,-1
1109,3.39,4,2,1,2,0,0,1,1,-1
1110,2.31,5,5,0,2,1,0,0,0,-1
1111,3.63,9,3,2,5,0,2,2,3,-1
1112,2.45,6,2,2,2,0,1,0,3,-1
1113,2.45,5,6,3,3,0,0,3,1,-1
1114,3.07,8,2,3,3,1,3,2,2,-1
1115,3.19,4,1,3,6,1,2,2,2,-1
1116,3.16,7,1,2,3,0,2,2,3,-1
1117,2.18,4,5,0,3,0,3,3,3,-1
1118,3.75,7,3,3,5,0,3,3,0,-1
1119,2.53,9,4,1,4,0,2,1,0,-1
1120,2.26,8,7,3,3,0,3,1,1,-1
1121,3.78,9,1,2,6,0,2,1,3,-1
1122,3.91,8,4,3,2,0,3,3,2,-1
1123,3.72,4,0,0,3,0,2,2,0,-1
1124,3.62,7,1,3,6,1,0,2,1,-1
1125,3.31,9,1,2,5,0,0,0,1,-1
1126,3.1,8,3,2,7,0,3,1,2,-1
1127,2.17,5,5,1,7,0,1,2,0,-1
1128,2.82,5,4,2,7,1,0,2,2,-1
1129,2.75,9,6,1,2,0,2,2,1,-1
1130,2.52,7,1,0,6,0,1,2,3,-1
1131,3.45,9,1,2,3,0,2,3,2,-1
1132,2.99,4,3,3,4,1,2,1,1,-1
1133,2.16,8,3,0,2,0,0,2,3,-1
1134,2.44,4,5,3,2,0,3,2,3,-1
1135,3.37,5,4,3,7,0,3,2,0,-1
1136,2.15,8,0,3,4,1,2,2,0,-1
1137,3.7,9,6,0,7,0,0,0,1,-1
1138,2.99,4,5,0,2,1,2,2,2,-1
1139,2.96,6,7,2,3,1,1,2,3,-1
1140,3.18,7,0,3,7,0,2,2,0,-1
1141,3.65,7,2,1,7,0,0,0,0,-1
1142,2.7,6,1,2,7,0,2,3,2,-1
1143,3.36,5,4,0,2,0,0,0,0,-1
1144,3.13,8,5,1,3,1,3,2,1,-1
1145,2.53,7,1,0,4,0,0,3,2,-1
1146,3.76,6,4,1,1,1,1,2,3,-1
1147,3.59,9,4,2,4,0,0,3,1,-1
1148,3.32,6,4,1,3,0,1,2,3,-1
1149,3.7,5,1,2,5,0,1,2,3,-1
1150,3.73,5,5,0,7,0,2,3,0,-1
1151,3.42,4,6,1,4,0,1,3,1,-1
1152,3.67,7,3,3,5,0,0,2,1,-1
1153,3.39,4,1,3,5,1,3,0,2,-1
1154,3.36,6,7,0,3,1,0,0,1,-1
1155,3.24,8,4,1,3,0,3,0,2,-1
1156,3.51,8,5,3,7,0,1,0,1,-1
1157,2.32,5,6,2,1,1,2,3,3,-1
1158,3.76,8,2,1,6,1,1,3,2,-1
1159,3.74,8,7,1,2,0,1,0,1,-1
1160,2.06,8,0,3,4,0,3,1,2,-1
1161,3.65,6,7,2,3,1,0,1,0,-1
1162,2.26,8,4,2,4,1,2,1,0,-1
1163,2.67,9,2,2,6,0,2,2,2,-1
1164,3.49,8,3,1,6,0,2,0,2,-1
1165,2.32,8,6,0,7,1,2,2,3,-1
1166,3.64,4,6,1,5,1,0,3,1,-1
1167,3.66,6,4,1,7,0,2,3,0,-1
1168,3.01,5,7,3,2,0,3,1,0,-1
1169,2.01,4,7,0,1,0,3,1,1,-1
1170,2.57,7,6,2,4,0,2,3,0,-1
1171,3.23,6,2,3,2,1,2,1,0,-1
1172,3.96,9,4,1,1,0,0,1,2,-1
1173,3.26,6,1,0,4,0,0,3,0,-1
1174,2.52,7,5,2,2,1,2,2,0,-1
1175,3.27,7,2,2,3,0,0,1,0,-1
1176,3.08,7,5,1,4,0,1,2,1,-1
1177,3.56,5,1,2,2,1,2,1,3,-1
1178,2.21,8,1,2,6,1,0,0,2,-1
1179,3.52,6,5,0,1,1,3,2,3,-1
1180,3.08,8,2,3,2,1,2,2,0,-1
1181,3.93,8,5,0,3,0,2,1,0,-1
1182,2.68,9,5,3,7,0,3,2,0,-1
1183,3.27,7,0,3,4,0,3,0,3,-1
1184,3.86,5,2,3,4,1,0,3,1,-1
1185,2.21,9,7,2,4,0,3,0,1,-1
1186,3.87,4,7,0,3,0,1,3,2,-1
1187,3.38,5,0,2,1,0,2,0,3,-1
1188,2.14,8,4,1,4,1,1,0,1,-1
1189,2.6,5,6,0,1,1,0,2,2,-1
1190,3.42,7,7,3,2,1,3,0,0,-1
1191,2.13,4,5,2,6,0,2,1,0,-1
1192,3.16,7,4,2,6,0,3,1,2,-1
1193,2.69,4,7,0,1,0,3,1,1,-1
1194,3.24,9,2,0,1,0,0,1,3,-1
1195,2.09,8,5,3,6,1,0,2,2,-1
1196,3.74,4,6,3,4,0,0,1,1,-1
1197,3.95,4,4,1,5,0,0,0,2,-1
1198,3.94,4,7,3,5,1,2,1,1,-1
1199,3.5,5,7,2,3,1,1,2,0,-1
1200,2.26,9,3,1,7,0,1,3,2,-1
1201,3.52,5,7,1,6,1,2,0,3,-1
1202,2.05,8,1,1,6,1,3,0,2,-1
1203,2.04,4,5,0,3,0,2,2,0,-1
1204,2.65,9,6,3,5,0,1,3,0,-1
1205,2.98,9,1,1,2,1,1,1,1,-1
1206,3.54,6,0,0,4,0,2,3,0,-1
1207,3.37,8,4,0,4,0,0,0,1,-1
1208,2.89,9,7,1,2,0,3,0,0,-1
1209,2.55,4,0,1,2,1,2,0,1,-1
1210,3.99,4,6,2,5,0,1,3,3,-1
1211,2.85,9,5,1,3,0,0,1,1,-1
1212,2.9,5,1,2,2,0,3,0,1,-1
1213,2.33,8,1,1,3,1,1,2,3,-1
1214,3.59,4,4,1,7,1,3,1,1,-1
1215,3.39,9,5,3,1,0,0,0,1,-1
1216,2.44,4,7,1,4,1,1,1,3,-1
1217,2.16,9,3,1,5,0,0,2,0,-1
1218,3.36,8,3,2,4,1,2,3,2,-1
1219,3.31,9,4,2,5,1,2,0,1,-1
1220,2.55,6,5,3,1,0,3,2,0,-1
1221,3.9,9,4,1,4,1,0,0,2,-1
1222,2.3,9,5,1,1,0,0,0,3,-1
1223,2.86,8,6,2,5,1,3,3,1,-1
1224,3.89,9,6,0,2,0,3,3,1,-1
1225,2.84,8,0,0,7,0,3,1,3,-1
1226,3.28,6,7,0,4,1,2,2,1,-1
1227,2.8,8,4,2,1,0,3,2,2,-1
1228,2.55,4,7,2,6,1,2,3,2,-1
1229,3.97,8,5,0,4,0,3,0,3,-1
1230,2.82,6,3,0,4,0,0,1,1,-1
1231,3.79,7,7,1,4,1,0,3,0,-1
1232,2.46,9,5,2,3,0,3,1,1,-1
1233,2.43,8,6,2,1,0,3,1,3,-1
1234,2.06,9,5,0,1,0,2,2,0,-1
1235,3.3,5,4,0,4,1,1,1,2,-1
1236,2.74,4,0,3,2,0,2,2,2,-1
1237,3.73,4,0,2,4,1,0,0,0,-1
1238,2.95,5,0,3,3,0,3,0,0,-1
1239,3.94,5,0,1,5,1,0,3,3,-1
1240,2.37,8,6,3,3,0,1,0,1,-1
1241,3.74,5,2,0,2,1,2,2,2,-1
1242,3.55,7,7,2,4,0,0,1,1,-1
1243,3.54,9,4,2,1,0,2,1,2,-1
1244,3.69,9,1,3,7,0,3,0,1,-1
1245,3.52,6,4,3,6,0,0,2,2,-1
1246,3.25,5,2,1,4,0,1,1,1,-1
1247,2.26,5,0,1,2,0,2,0,3,-1
1248,2.07,7,2,0,1,0,2,2,2,-1
1249,3.84,4,3,0,3,0,1,2,3,-1
1250,3.23,4,3,0,5,0,0,1,2,-1
1251,3.59,9,7,3,5,0,0,3,2,-1
1252,2.96,9,6,3,7,1,2,3,2,-1
1253,2.23,8,4,2,4,0,1,2,1,-1
1254,2.25,7,4,0,3,1,2,2,2,-1
1255,3.37,6,1,3,7,0,2,0,3,-1
1256,2.86,6,6,2,6,0,3,2,1,-1
1257,2.4,7,1,0,6,0,0,0,1,-1
1258,2.98,6,3,1,7,1,0,0,2,-1
1259,2.13,4,0,1,2,1,3,0,0,-1
1260,3.16,6,2,3,5,0,0,2,1,-1
1261,2.54,6,1,2,3,1,0,2,2,-1
1262,3.6,7,5,1,4,0,0,0,3,-1
1263,2.62,7,1,2,1,0,1,1,0,-1
1264,2.91,6,0,2,4,0,3,2,1,-1
1265,2.02,5,0,1,4,1,2,3,0,-1
1266,2.14,7,4,2,3,0,1,1,1,-1
1267,2.78,8,2,1,5,1,2,3,0,-1
1268,2.96,8,0,3,3,0,3,2,0,-1
1269,3.2,4,6,0,1,1,3,1,3,-1
1270,2.58,6,1,0,7,0,3,2,0,-1
1271,3.39,5,1,3,3,1,0,2,3,-1
1272,3.72,4,3,1,2,0,1,1,2,-1
1273,3.56,6,0,1,4,1,3,2,1,-1
1274,2.08,7,5,1,5,0,2,1,3,-1
1275,2.96,8,4,1,6,0,0,2,1,-1
1276,2.21,9,2,3,1,1,0,0,3,-1
1277,2.48,5,5,0,6,0,1,3,1,-1
1278,3.97,9,4,2,4,0,1,0,3,-1
1279,2.28,8,1,2,3,1,1,2,1,-1
1280,3.0,9,5,0,6,1,0,2,2,-1
1281,3.24,7,4,3,2,0,3,2,1,-1
1282,3.4,6,1,2,3,1,2,0,2,-1
1283,3.12,7,1,0,4,1,3,2,2,-1
1284,2.02,9,1,3,6,1,2,1,2,-1
1285,2.65,7,1,2,7,0,3,3,0,-1
1286,3.04,8,6,1,1,0,1,2,1,-1
1287,2.18,5,1,1,6,1,2,2,0,-1
1288,2.7,7,3,3,7,0,0,3,0,-1
1289,2.07,8,5,1,7,0,2,3,1,-1
1290,2.16,5,4,3,6,1,0,3,2,-1
1291,2.79,6,3,0,5,1,3,0,0,-1
1292,2.27,9,6,0,6,0,1,0,0,-1
1293,3.14,6,7,2,4,0,2,2,3,-1
1294,3.38,4,7,3,7,1,0,3,1,-1
1295,3.6,8,3,2,1,0,3,2,0,-1
1296,2.4,5,0,2,4,0,1,2,1,-1
1297,2.33,7,0,0,2,1,1,2,1,-1
1298,2.21,6,0,2,3,0,1,0,0,-1
1299,3.27,5,2,1,6,0,3,3,1,-1
1300,3.41,8,0,2,5,0,3,2,2,-1
1301,2.06,4,4,3,1,0,3,0,0,-1
1302,3.87,6,3,1,5,1,1,1,0,-1
1303,2.1,9,4,0,5,0,2,1,0,-1
1304,3.08,5,5,3,5,0,0,2,3,-1
1305,3.42,9,0,1,6,0,3,2,3,-1
1306,3.74,5,6,3,1,1,2,3,3,-1
1307,3.43,5,2,1,1,1,0,3,3,-1
1308,3.6,8,5,3,7,1,1,2,0,-1
1309,2.68,8,6,3,5,1,2,0,2,-1
1310,3.63,8,2,1,7,1,1,2,1,-1
1311,2.16,7,7,0,7,0,0,3,1,-1
1312,3.79,5,5,0,3,1,3,3,0,-1
1313,3.1,6,7,3,6,0,1,0,2,-1
1314,3.63,9,3,3,6,1,2,2,1,-1
1315,2.9,8,4,0,4,1,3,3,2,-1
1316,3.29,8,1,0,7,1,2,2,0,-1
1317,3.05,9,4,2,6,1,0,3,3,-1
1318,3.46,9,0,0,5,0,0,1,2,-1
1319,2.16,5,7,3,2,1,3,1,1,-1
1320,2.12,8,6,1,5,0,2,1,1,-1
1321,2.49,9,1,0,1,0,2,3,1,-1
1322,2.32,7,2,2,6,0,2,0,3,-1
1323,3.74,7,7,2,6,0,2,1,2,-1
1324,2.44,8,3,2,4,1,0,3,2,-1
1325,3.95,9,3,1,7,0,2,2,1,-1
1326,2.67,5,7,0,2,0,0,1,2,-1
1327,2.36,5,7,0,6,1,2,0,1,-1
1328,3.58,5,7,0,4,1,2,0,2,-1
1329,3.32,4,2,1,4,1,1,0,3,-1
1330,3.0,8,0,1,2,0,1,2,3,-1
1331,3.11,5,2,3,5,0,2,2,0,-1
1332,3.44,7,5,2,5,1,0,0,0,-1
1333,2.46,9,6,2,5,0,2,0,0,-1
1334,3.99,6,7,0,3,0,1,0,2,-1
1335,3.95,6,6,1,7,0,2,2,3,-1
1336,3.3,5,0,1,7,1,1,2,3,-1
1337,2.4,6,1,0,5,0,2,3,3,-1
1338,3.36,6,2,0,2,0,3,1,1,-1
1339,2.14,4,0,3,3,0,2,2,2,-1
1340,2.06,7,6,2,7,0,0,0,2,-1
1341,2.52,7,1,2,5,0,1,1,0,-1
1342,2.93,4,2,2,3,1,3,2,1,-1
1343,3.74,4,3,3,2,0,1,1,1,-1
1344,3.45,6,2,0,5,0,1,3,3,-1
1345,3.49,8,4,0,1,0,0,2,0,-1
1346,2.85,9,2,2,6,1,2,0,2,-1
1347,2.69,9,4,2,2,1,0,0,1,-1
1348,2.74,6,1,3,4,0,2,3,3,-1
1349,3.98,9,2,1,4,1,3,3,2,-1
1350,2.08,4,1,1,2,1,0,3,3,-1
1351,3.73,7,1,2,4,1,0,3,2,-1
1352,3.16,9,6,3,7,0,1,3,3,-1
1353,2.88,6,0,2,2,1,0,2,2,-1
1354,3.45,8,1,1,1,0,2,2,0,-1
1355,2.97,6,1,2,2,0,0,1,2,-1
1356,3.75,5,6,1,5,1,0,3,2,-1
1357,3.8,6,6,1,5,0,3,0,2,-1
1358,2.84,4,2,1,3,0,2,0,3,-1
1359,2.55,7,6,0,4,0,1,3,1,-1
1360,3.18,7,2,0,6,0,2,3,2,-1
1361,3.82,9,3,2,4,0,3,3,2,-1
1362,2.42,4,6,1,7,0,2,3,0,-1
1363,3.25,5,0,0,2,1,2,3,2,-1
1364,3.26,4,1,2,6,0,0,0,0,-1
1365,3.47,6,0,2,6,0,0,1,2,-1
1366,2.26,4,4,2,4,0,2,3,3,-1
1367,3.43,4,7,2,6,0,2,3,1,-1
1368,3.82,5,6,2,6,1,1,3,1,-1
1369,2.36,6,1,3,5,0,3,2,1,-1
1370,2.48,8,0,1,1,1,0,0,3,-1
1371,3.94,8,6,2,2,0,0,0,0,-1
1372,2.36,7,6,3,4,1,0,1,1,-1
1373,3.71,9,7,1,5,0,0,2,3,-1
1374,2.98,4,3,0,7,0,2,2,3,-1
1375,2.49,7,3,2,7,0,2,2,2,-1
1376,3.74,5,1,3,3,0,1,1,0,-1
1377,2.89,8,4,0,6,0,0,1,3,-1
1378,3.03,4,3,3,6,0,0,1,0,-1
1379,2.72,5,7,1,4,0,2,2,1,-1
1380,3.19,9,3,1,1,0,1,0,1,-1
1381,2.33,5,4,0,1,0,2,2,1,-1
1382,2.78,4,0,3,4,0,0,1,2,-1
1383,3.94,9,3,2,4,1,0,2,2,-1
1384,2.52,5,7,2,5,0,3,3,0,-1
1385,3.31,9,2,0,7,1,3,2,0,-1
1386,2.65,4,7,0,4,0,3,2,2,-1
1387,3.55,4,5,0,7,1,1,0,3,-1
1388,2.26,9,5,3,3,0,2,0,0,-1
1389,3.94,6,3,2,7,1,0,0,0,-1
1390,2.91,7,0,2,5,1,0,3,1,-1
1391,2.47,5,6,2,6,1,1,0,0,-1
1392,2.15,5,0,0,6,1,0,3,0,-1
1393,2.34,6,7,2,7,0,0,1,3,-1
1394,3.04,6,1,1,6,1,2,0,0,-1
1395,2.67,6,2,0,6,1,3,2,3,-1
1396,3.66,8,0,2,2,1,3,2,1,-1
1397,2.86,8,4,3,3,0,1,3,2,-1
1398,2.5,9,7,0,5,0,3,0,1,-1
1399,3.23,8,2,1,5,1,3,2,3,-1
1400,3.41,4,5,1,6,0,1,1,3,-1
1401,2.33,9,7,3,1,0,1,0,0,-1
1402,2.34,5,2,3,5,1,3,1,0,-1
1403,2.07,7,4,0,3,0,2,2,2,-1
1404,3.47,4,3,0,4,1,1,0,3,-1
1405,3.33,5,4,1,3,0,0,3,3,-1
1406,2.95,5,4,3,6,1,1,2,1,-1
1407,3.69,9,3,0,6,0,0,1,2,-1
1408,3.61,6,3,1,2,1,1,0,1,-1
1409,3.17,6,3,3,7,0,1,1,0,-1
1410,3.74,4,3,1,5,0,3,1,0,-1
1411,2.41,6,3,2,7,1,3,3,1,-1
1412,2.22,5,4,3,7,0,3,3,0,-1
1413,2.54,6,1,0,5,1,2,2,1,-1
1414,2.11,8,1,0,5,0,3,3,3,-1
1415,3.06,6,7,2,6,1,3,3,3,-1
1416,3.87,5,0,3,5,1,1,2,0,-1
1417,2.08,9,1,1,1,0,1,2,2,-1
1418,2.24,4,5,0,1,0,2,2,3,-1
1419,2.9,7,1,2,4,0,0,2,0,-1
1420,3.87,6,4,2,5,1,1,1,2,-1
1421,2.63,5,3,3,2,1,1,1,0,-1
1422,3.01,7,7,3,4,0,0,2,1,-1
1423,2.08,7,3,0,6,0,2,2,0,-1
1424,2.3,8,6,2,5,1,1,0,1,-1
1425,3.97,7,6,1,1,1,3,0,3,-1
1426,3.93,9,6,2,2,1,2,0,3,-1
1427,2.01,5,4,1,4,1,0,3,0,-1
1428,3.9,5,5,1,2,1,0,1,2,-1
1429,3.28,6,1,0,5,1,3,1,0,-1
1430,3.74,6,4,2,3,0,3,0,0,-1
1431,2.91,6,0,1,2,0,3,0,3,-1
1432,3.03,9,7,3,2,1,2,1,3,-1
1433,2.98,7,3,1,6,1,0,3,0,-1
1434,3.33,7,6,3,1,1,3,0,3,-1
1435,2.28,8,2,3,5,0,3,2,1,-1
1436,2.06,9,0,2,2,0,0,0,0,-1
1437,2.62,6,6,3,5,0,1,1,3,-1
1438,3.41,4,5,1,1,0,2,1,0,-1
1439,2.4,8,0,3,6,0,1,0,3,-1
1440,3.35,4,4,2,5,1,3,0,1,-1
1441,3.94,7,1,0,7,1,2,2,1,-1
1442,2.19,8,3,1,1,0,1,2,0,-1
1443,3.35,8,7,1,1,1,0,3,1,-1
1444,2.89,5,5,2,4,0,3,3,1,-1
1445,3.74,7,5,2,6,0,2,2,3,-1
1446,2.35,7,2,2,6,0,2,3,0,-1
1447,3.39,9,0,2,7,1,2,3,3,-1
1448,3.68,8,2,1,5,0,2,0,3,-1
1449,3.89,7,1,0,3,0,3,2,2,-1
1450,3.37,8,6,3,7,0,3,0,1,-1
1451,2.99,9,1,3,4,0,0,0,3,-1
1452,3.24,9,6,0,6,0,0,3,3,-1
1453,3.74,5,2,0,1,1,0,0,3,-1
1454,3.14,8,3,0,6,0,1,1,1,-1
1455,2.06,7,1,2,7,1,0,3,1,-1
1456,3.86,7,2,1,3,1,3,1,1,-1
1457,3.38,8,0,1,2,0,1,3,0,-1
1458,3.35,8,2,1,2,0,3,0,3,-1
1459,2.43,8,2,2,6,1,1,3,1,-1
1460,3.32,6,4,1,6,1,0,1,3,-1
1461,2.79,7,1,2,4,1,0,3,0,-1
1462,3.3,9,7,1,6,0,0,1,2,-1
1463,2.21,7,3,0,3,1,1,2,0,-1
1464,3.32,6,3,3,6,1,3,0,1,-1
1465,4.0,8,4,3,5,1,2,1,1,-1
1466,2.1,5,6,2,7,0,3,2,0,-1
1467,3.95,8,5,1,3,0,0,0,3,-1
1468,2.81,8,6,3,4,1,1,2,1,-1
1469,3.74,6,3,0,5,0,1,1,1,-1
1470,3.56,7,2,0,5,1,0,0,0,-1
1471,3.13,8,4,0,7,0,1,2,3,-1
1472,3.48,7,0,2,2,0,0,1,0,-1
1473,3.76,4,1,2,3,1,3,2,0,-1
1474,2.81,9,1,1,7,1,1,0,3,-1
1475,2.65,7,7,0,5,0,2,0,3,-1
1476,3.34,5,1,1,4,1,1,0,2,-1
1477,3.62,9,2,1,7,0,0,1,0,-1
1478,3.52,5,0,0,2,1,2,2,3,-1
1479,3.6,8,4,1,5,1,0,2,1,-1
1480,2.87,9,4,3,7,0,1,1,2,-1
1481,3.64,7,1,2,3,0,2,0,0,-1
1482,2.24,9,0,1,2,0,2,3,3,-1
1483,3.09,8,0,0,3,1,1,0,2,-1
1484,2.01,6,0,2,3,0,2,3,2,-1
1485,2.65,5,3,2,3,0,3,0,1,-1
1486,2.73,8,3,1,7,0,2,1,2,-1
1487,2.79,6,1,3,2,0,2,3,0,-1
1488,3.39,9,0,1,7,1,3,1,3,-1
1489,2.78,9,5,3,7,0,0,3,2,-1
1490,2.9,8,0,2,7,0,0,2,2,-1
1491,2.48,7,4,1,5,1,3,3,0,-1
1492,2.75,9,4,0,6,0,2,3,1,-1
1493,2.45,7,1,1,1,1,1,3,1,-1
1494,2.15,7,5,3,5,1,3,2,3,-1
1495,3.21,7,0,3,2,0,1,1,0,-1
1496,3.34,4,6,1,1,1,0,2,1,-1
1497,3.24,6,5,3,1,1,3,3,3,-1
1498,2.93,6,7,2,1,0,1,0,3,-1
1499,2.76,9,1,1,6,0,2,2,1,-1
1500,3.73,9,4,3,7,0,3,0,0,-1
1501,3.04,7,6,1,4,0,1,2,2,-1
1502,2.96,4,4,1,2,1,3,2,1,-1
1503,2.05,7,3,0,6,0,3,3,2,-1
1504,2.68,4,1,1,6,0,0,1,2,-1
1505,2.76,7,1,0,4,1,0,1,0,-1
1506,2.8,5,0,3,1,0,2,3,0,-1
1507,3.16,5,0,0,7,1,0,2,3,-1
1508,3.07,8,3,0,4,1,0,1,0,-1
1509,3.22,7,6,0,4,0,0,1,3,-1
1510,3.53,9,7,2,6,0,1,1,1,-1
1511,3.63,6,2,0,2,1,3,3,2,-1
1512,3.44,8,5,1,3,1,0,0,0,-1
1513,3.91,9,2,0,7,0,1,0,1,-1
1514,2.04,5,2,1,4,1,3,0,3,-1
1515,2.39,7,1,0,7,1,0,0,0,-1
1516,2.02,8,5,2,4,0,0,0,2,-1
1517,3.29,7,1,3,1,0,3,1,1,-1
1518,3.8,5,7,0,7,0,1,1,0,-1
1519,2.49,8,5,0,1,0,1,2,0,-1
1520,3.85,5,4,2,6,0,2,1,1,-1
1521,2.12,4,1,0,1,0,3,3,3,-1
1522,3.87,5,1,1,7,1,2,2,3,-1
1523,2.7,7,1,0,5,0,1,1,0,-1
1524,2.2,6,6,0,7,0,0,2,3,-1
1525,2.97,5,3,3,4,1,2,2,3,-1
1526,2.51,9,1,3,1,1,1,0,1,-1
1527,2.57,6,7,0,2,0,1,2,3,-1
1528,2.61,4,0,2,5,1,0,1,3,-1
1529,3.61,8,0,3,6,1,3,0,1,-1
1530,3.08,8,5,0,3,0,1,1,0,-1
1531,2.62,6,4,3,4,0,2,0,0,-1
1532,3.22,8,3,0,4,0,0,1,1,-1
1533,3.43,5,6,3,2,1,3,0,2,-1
1534,2.55,6,5,3,3,1,3,0,1,-1
1535,2.83,7,0,1,3,0,3,3,2,-1
1536,2.24,5,3,0,6,1,1,1,3,-1
1537,2.36,5,3,0,6,0,3,2,0,-1
1538,3.36,5,4,0,5,1,1,0,2,-1
1539,2.36,7,7,0,4,0,0,1,2,-1
1540,3.05,4,3,3,1,0,0,0,3,-1
1541,3.42,9,1,1,6,1,3,3,0,-1
1542,2.21,8,3,1,2,0,0,3,3,-1
1543,3.13,6,4,2,2,1,2,3,0,-1
1544,2.51,4,5,0,2,1,2,3,0,-1
1545,3.93,6,4,2,7,0,1,2,3,-1
1546,2.97,8,6,3,6,1,3,2,2,-1
1547,3.61,7,4,2,6,0,1,0,1,-1
1548,3.1,5,0,0,2,1,0,1,0,-1
1549,2.09,5,1,1,6,1,3,3,0,-1
1550,3.27,7,7,1,7,1,1,3,1,-1
1551,3.9,4,0,0,1,0,3,2,1,-1
1552,3.2,4,5,3,1,0,3,2,3,-1
1553,3.64,6,2,0,5,1,1,3,0,-1
1554,3.77,7,5,3,4,1,3,1,3,-1
1555,2.46,4,1,1,1,0,0,0,1,-1
1556,2.42,7,3,3,5,0,2,0,3,-1
1557,3.22,8,4,0,3,0,2,0,0,-1
1558,2.82,5,2,0,4,0,3,0,2,-1
1559,3.68,5,1,0,1,0,2,1,2,-1
1560,3.8,5,0,3,7,1,3,1,0,-1
1561,2.71,7,4,3,3,1,1,1,3,-1
1562,2.47,7,5,3,5,1,0,2,1,-1
1563,3.56,6,0,1,1,0,2,3,1,-1
1564,2.55,5,1,2,1,0,1,1,2,-1
1565,3.65,6,1,2,6,0,0,0,3,-1
1566,2.85,5,5,0,3,1,2,1,1,-1
1567,3.34,6,2,1,1,0,2,3,1,-1
1568,2.19,6,5,3,2,0,0,2,0,-1
1569,3.25,8,3,0,7,0,1,0,3,-1
1570,2.9,6,0,1,6,1,1,2,3,-1
1571,3.17,7,2,0,6,0,2,1,1,-1
1572,2.34,6,4,1,1,1,0,0,3,-1
1573,3.47,5,6,1,7,0,1,0,3,-1
1574,3.73,6,3,2,6,0,0,1,3,-1
1575,2.43,4,2,0,4,1,0,1,0,-1
1576,2.19,9,6,3,3,0,2,3,1,-1
1577,2.05,5,6,2,4,1,0,1,2,-1
1578,3.28,4,0,2,5,0,0,1,3,-1
1579,3.21,5,1,3,4,1,3,1,1,-1
1580,3.09,7,4,1,7,0,0,0,2,-1
1581,2.46,9,5,3,2,0,1,3,0,-1
1582,2.78,9,0,0,6,1,2,0,1,-1
1583,3.19,7,3,3,7,0,2,1,0,-1
1584,2.99,9,7,1,6,0,0,3,1,-1
1585,3.98,7,6,3,2,1,0,1,0,-1
1586,2.27,4,3,1,6,0,1,0,1,-1
1587,3.39,8,6,1,4,0,3,0,0,-1
1588,2.81,5,1,0,5,0,2,1,2,-1
1589,2.86,7,7,3,1,0,3,3,1,-1
1590,3.44,5,1,3,2,0,1,0,2,-1
1591,3.38,4,4,0,4,0,2,1,3,-1
1592,3.98,8,5,1,7,0,1,2,2,-1
1593,2.26,4,4,3,4,0,0,1,1,-1
1594,2.21,9,1,0,4,1,1,1,2,-1
1595,3.45,5,1,1,1,0,0,3,1,-1
1596,3.16,8,3,0,3,0,3,1,0,-1
1597,2.55,9,1,3,6,0,2,2,3,-1
1598,2.16,8,7,0,6,0,2,1,2,-1
1599,2.17,9,7,2,7,1,3,2,3,-1
1600,3.79,4,2,1,5,0,0,0,2,-1
1601,2.38,7,6,2,7,0,2,1,1,-1
1602,2.65,5,0,2,3,0,1,3,2,-1
1603,2.45,6,1,1,6,1,0,1,3,-1
1604,2.71,6,4,1,5,1,2,2,2,-1
1605,2.14,4,5,0,7,0,1,2,3,-1
1606,3.04,5,6,1,5,0,1,3,3,-1
1607,2.14,5,6,2,4,1,2,2,1,-1
1608,3.6,4,5,2,2,1,3,1,0,-1
1609,2.47,5,5,3,4,1,3,2,0,-1
1610,3.08,7,6,1,1,1,2,1,2,-1
1611,3.76,4,2,2,6,1,1,1,3,-1
1612,3.3,7,4,3,5,0,3,2,1,-1
1613,3.07,5,2,3,7,0,3,3,0,-1
1614,2.65,4,1,0,2,1,3,0,1,-1
1615,2.67,5,0,2,7,0,0,3,1,-1
1616,3.34,4,5,0,6,1,3,0,3,-1
1617,3.99,5,7,2,5,1,2,3,2,-1
1618,3.32,7,4,0,5,1,2,1,3,-1
1619,3.12,7,5,0,4,0,0,1,0,-1
1620,3.46,5,2,1,2,1,0,2,0,-1
1621,2.93,4,3,0,2,0,2,0,1,-1
1622,2.12,6,1,1,6,1,0,0,3,-1
1623,3.12,7,0,3,5,1,3,2,3,-1
1624,3.92,7,1,2,2,1,1,3,1,-1
1625,2.35,9,3,3,2,0,1,2,2,-1
1626,3.38,6,0,2,7,0,1,3,1,-1
1627,2.4,5,3,3,6,0,2,2,1,-1
1628,3.07,4,1,2,4,1,0,0,0,-1
1629,2.19,9,2,0,7,1,1,0,3,-1
1630,2.9,5,6,2,7,1,3,3,0,-1
1631,3.51,8,1,2,3,1,3,0,1,-1
1632,2.7,7,1,3,1,0,3,0,3,-1
1633,3.33,8,1,3,3,1,0,0,1,-1
1634,3.59,7,4,3,2,1,1,0,1,-1
1635,3.85,7,3,1,5,0,3,1,2,-1
1636,2.47,8,7,1,1,0,0,2,0,-1
1637,2.8,8,3,2,1,0,3,2,0,-1
1638,2.3,5,5,2,5,1,1,1,1,-1
1639,3.98,9,3,0,1,0,1,0,2,-1
1640,3.85,9,5,0,5,1,1,2,1,-1
1641,3.08,8,4,2,1,0,1,2,1,-1
1642,3.68,5,2,1,7,0,1,2,1,-1
1643,3.04,9,5,2,6,0,3,3,2,-1
1644,3.25,5,1,0,6,1,1,1,3,-1
1645,2.18,5,2,1,3,0,3,3,2,-1
1646,3.51,7,6,1,7,1,1,3,1,-1
1647,2.26,9,4,0,1,0,3,1,3,-1
1648,3.65,9,3,2,4,0,1,2,1,-1
1649,3.56,7,5,3,5,0,3,3,2,-1
1650,3.42,8,7,2,7,0,1,2,2,-1
1651,2.07,7,1,2,1,0,0,3,3,-1
1652,2.61,9,0,0,6,1,3,2,2,-1
1653,2.53,9,6,1,6,0,0,0,1,-1
1654,2.72,8,0,0,5,0,3,0,3,-1
1655,2.18,7,2,2,4,0,3,0,0,-1
1656,3.87,4,3,3,1,0,3,1,1,-1
1657,3.11,4,7,3,1,0,2,0,0,-1
1658,2.61,8,0,3,4,1,1,3,3,-1
1659,2.79,7,2,0,4,0,0,2,3,-1
1660,2.89,7,4,1,4,1,0,2,1,-1
1661,3.2,5,2,0,6,0,3,2,2,-1
1662,3.03,9,6,3,5,0,0,2,1,-1
1663,3.84,6,7,2,7,1,0,3,2,-1
1664,2.99,8,7,1,4,0,0,2,2,-1
1665,3.98,6,2,0,5,0,0,3,1,-1
1666,3.7,6,6,0,3,0,2,3,3,-1
1667,2.42,8,2,1,1,1,3,2,1,-1
1668,3.86,7,7,1,1,1,0,2,0,-1
1669,2.23,8,7,2,2,0,2,2,3,-1
1670,3.63,6,1,1,3,1,2,3,2,-1
1671,2.76,9,2,2,7,0,3,1,3,-1
1672,3.76,9,5,3,4,0,1,3,1,-1
1673,3.74,9,2,3,4,1,1,1,3,-1
1674,3.61,7,7,0,7,0,1,2,2,-1
1675,3.58,4,1,3,6,0,0,3,2,-1
1676,2.61,8,1,3,3,0,3,2,3,-1
1677,2.16,9,4,2,4,1,1,1,0,-1
1678,2.81,8,6,0,2,0,0,1,2,-1
1679,2.35,9,3,1,5,1,3,3,0,-1
1680,3.39,7,0,0,1,0,0,3,2,-1
1681,2.69,4,0,3,3,1,1,3,3,-1
1682,3.95,4,2,1,1,0,1,3,2,-1
1683,3.28,9,4,0,5,0,2,0,0,-1
1684,3.64,7,2,0,3,0,2,0,0,-1
1685,2.27,5,0,0,5,0,3,2,3,-1
1686,3.72,8,6,0,4,1,0,1,0,-1
1687,3.85,8,7,2,7,0,0,1,0,-1
1688,2.97,6,6,0,4,1,1,2,3,-1
1689,3.21,7,6,3,7,1,1,2,2,-1
1690,3.53,6,1,3,4,1,3,2,3,-1
1691,2.35,9,7,2,5,0,2,0,2,-1
1692,3.01,6,3,1,5,0,1,2,2,-1
1693,2.8,4,7,1,5,0,0,1,2,-1
1694,2.29,8,4,3,1,0,1,2,1,-1
1695,2.74,6,1,3,5,0,2,3,2,-1
1696,2.14,4,3,2,4,0,0,1,3,-1
1697,2.05,7,4,1,2,1,2,1,3,-1
1698,2.27,6,4,1,5,0,3,1,3,-1
1699,3.93,9,0,0,2,1,3,0,1,-1
1700,3.1,9,1,0,7,1,2,0,0,-1
1701,3.93,9,4,0,4,0,0,1,1,-1
1702,2.86,8,5,2,5,0,2,3,3,-1
1703,2.62,6,6,3,1,0,1,1,3,-1
1704,3.01,7,4,2,1,1,1,0,0,-1
1705,2.88,6,3,1,7,1,2,3,1,-1
1706,2.21,8,0,3,2,0,1,1,3,-1
1707,3.28,4,2,0,6,0,2,0,2,-1
1708,2.43,8,6,2,1,1,1,3,2,-1
1709,3.24,9,0,2,1,0,2,2,3,-1
1710,3.3,4,2,0,1,1,1,2,2,-1
1711,2.3,9,1,2,4,1,0,1,0,-1
1712,2.12,5,1,0,1,1,0,2,3,-1
1713,3.56,8,4,1,3,0,1,0,1,-1
1714,2.92,8,5,3,5,0,2,3,3,-1
1715,2.12,7,1,1,7,1,1,1,0,-1
1716,3.99,6,7,1,1,0,3,3,1,-1
1717,2.12,4,4,0,6,0,3,3,0,-1
1718,3.39,4,6,2,6,0,2,3,2,-1
1719,3.97,7,0,1,1,0,1,0,2,-1
1720,2.48,7,1,1,1,1,1,1,2,-1
1721,2.28,6,7,1,3,0,0,2,0,-1
1722,2.24,9,0,2,1,0,2,3,0,-1
1723,2.61,6,0,2,1,1,3,3,3,-1
1724,2.2,8,5,0,5,0,3,3,1,-1
1725,3.38,9,1,1,6,0,2,0,1,-1
1726,2.12,5,0,3,3,0,3,2,0,-1
1727,3.02,6,5,2,6,0,2,3,0,-1
1728,3.99,7,5,0,3,1,3,0,2,-1
1729,3.63,9,1,1,6,0,3,0,0,-1
1730,3.23,6,5,3,1,1,2,3,2,-1
1731,2.61,4,1,2,6,1,2,3,0,-1
1732,3.25,5,7,3,6,0,3,0,1,-1
1733,3.05,8,1,2,3,0,3,0,3,-1
1734,2.85,4,2,0,7,0,0,3,0,-1
1735,2.26,4,0,3,2,1,1,0,2,-1
1736,3.77,5,7,1,3,0,2,0,3,-1
1737,2.9,8,3,1,3,0,2,3,2,-1
1738,2.39,7,1,2,3,0,1,3,2,-1
1739,2.74,9,0,1,4,0,0,1,3,-1
1740,2.83,8,6,3,7,0,3,2,3,-1
1741,3.66,6,5,0,4,0,3,3,3,-1
1742,3.47,4,4,2,4,1,0,3,0,-1
1743,3.54,6,1,3,3,1,0,3,3,-1
1744,2.02,7,5,2,2,0,1,2,0,-1
1745,2.83,6,5,0,3,0,1,1,1,-1
1746,2.96,8,5,2,1,1,3,0,1,-1
1747,2.04,6,5,1,2,0,0,2,2,-1
1748,2.52,7,5,1,4,0,0,3,2,-1
1749,3.52,7,1,2,6,0,3,3,0,-1
1750,2.27,7,6,0,6,1,3,1,2,-1
1751,3.07,8,3,0,7,0,3,1,1,-1
1752,2.43,7,2,1,5,0,3,1,0,-1
1753,2.02,4,5,0,7,1,3,0,0,-1
1754,2.48,7,5,2,2,1,1,2,3,-1
1755,3.95,6,2,3,4,0,3,2,0,-1
1756,3.6,9,6,2,2,0,0,1,2,-1
1757,3.92,6,7,1,2,0,2,0,1,-1
1758,2.98,9,6,1,6,0,1,2,2,-1
1759,2.22,6,7,1,3,1,0,3,1,-1
1760,3.1,8,1,0,1,0,2,3,3,-1
1761,2.91,6,0,2,5,1,1,3,1,-1
1762,3.69,8,4,3,4,1,3,2,3,-1
1763,2.2,8,4,2,2,1,1,1,2,-1
1764,2.98,7,0,3,5,1,3,3,3,-1
1765,2.3,4,1,2,2,0,3,1,0,-1
1766,2.65,9,4,1,6,0,3,0,0,-1
1767,3.47,7,6,3,1,0,2,3,1,-1
1768,2.95,7,2,2,6,0,1,0,2,-1
1769,2.75,8,0,0,5,0,3,1,2,-1
1770,2.79,8,6,0,4,0,0,2,1,-1
1771,2.92,9,3,2,2,0,1,1,0,-1
1772,3.57,6,1,1,1,0,0,3,3,-1
1773,3.78,6,0,3,6,1,2,3,1,-1
1774,3.91,7,4,2,5,1,2,1,3,-1
1775,3.57,5,1,0,6,1,1,3,3,-1
1776,2.63,5,2,3,2,0,2,3,2,-1
1777,3.38,6,1,0,2,0,2,0,0,-1
1778,2.88,5,1,0,4,1,1,2,3,-1
1779,2.51,6,2,2,1,1,0,1,0,-1
1780,3.68,8,5,0,3,1,3,0,2,-1
1781,2.08,7,2,3,6,0,1,3,1,-1
1782,3.8,4,6,1,2,1,1,0,1,-1
1783,2.92,7,1,2,5,1,3,2,2,-1
1784,3.27,6,7,3,6,1,0,1,2,-1
1785,3.32,6,2,2,4,0,3,2,3,-1
1786,3.79,7,5,0,4,0,3,2,2,-1
1787,3.27,9,6,0,2,0,0,0,1,-1
1788,3.23,6,7,3,2,1,0,0,0,-1
1789,2.13,5,7,3,2,0,3,2,0,-1
1790,3.04,5,0,1,7,1,3,3,0,-1
1791,2.3,6,2,3,3,1,1,1,0,-1
1792,3.47,6,2,3,2,0,0,3,2,-1
1793,3.02,9,1,2,6,1,2,3,2,-1
1794,3.36,5,6,0,6,0,0,1,0,-1
1795,2.08,6,0,3,7,1,3,0,2,-1
1796,2.17,6,3,1,7,1,3,3,3,-1
1797,3.43,9,3,3,1,0,3,0,2,-1
1798,2.14,9,4,0,5,0,3,1,3,-1
1799,2.14,7,2,3,2,0,2,3,3,-1
1800,2.02,9,2,2,6,0,0,0,2,-1
1801,3.91,4,0,0,7,0,2,0,0,-1
1802,3.48,5,5,3,6,0,2,3,3,-1
1803,2.71,7,3,2,6,0,3,1,2,-1
1804,2.59,4,4,0,7,1,2,2,1,-1
1805,2.7,6,0,3,3,1,3,0,0,-1
1806,3.55,6,2,2,7,0,3,1,1,-1
1807,3.32,7,3,1,7,1,3,3,3,-1
1808,2.37,9,6,2,5,1,2,0,1,-1
1809,2.35,6,4,1,7,1,3,0,2,-1
1810,2.2,8,1,3,4,1,2,0,0,-1
1811,3.32,7,3,2,7,1,0,1,3,-1
1812,3.53,4,4,1,6,1,3,0,2,-1
1813,2.53,7,0,0,2,1,1,0,0,-1
1814,2.04,5,1,2,6,1,1,3,3,-1
1815,2.16,9,4,3,5,0,1,0,3,-1
1816,3.94,9,4,0,4,1,1,1,3,-1
1817,2.59,7,7,1,7,0,1,3,3,-1
1818,3.54,6,7,2,3,0,2,2,1,-1
1819,3.25,6,7,2,1,0,0,3,1,-1
1820,2.76,8,2,3,7,0,2,0,1,-1
1821,2.41,8,5,0,2,1,3,2,3,-1
1822,2.24,9,3,2,1,1,0,3,1,-1
1823,3.23,8,2,2,3,0,0,0,0,-1
1824,3.55,4,6,0,5,1,0,3,3,-1
1825,3.29,8,1,2,5,0,0,1,0,-1
1826,3.06,4,5,0,3,0,1,0,0,-1
1827,2.08,8,4,0,6,1,3,1,1,-1
1828,3.94,9,2,0,3,0,0,0,3,-1
1829,3.6,9,7,3,7,0,0,1,1,-1
1830,2.59,4,5,0,2,1,1,2,1,-1
1831,3.96,7,6,0,4,1,2,1,1,-1
1832,3.2,9,3,1,7,0,2,3,3,-1
1833,3.16,7,6,1,7,0,2,0,3,-1
1834,3.5,6,1,3,7,1,3,3,1,-1
1835,3.62,4,0,0,1,1,2,1,0,-1
1836,3.31,9,2,1,1,0,0,0,0,-1
1837,2.26,5,7,1,5,0,1,1,3,-1
1838,2.68,6,1,2,7,0,1,2,2,-1
1839,3.86,7,0,0,6,0,2,2,1,-1
1840,2.45,9,7,1,5,1,1,2,1,-1
1841,2.74,4,7,3,2,0,0,1,2,-1
1842,2.86,8,7,2,3,0,2,1,3,-1
1843,2.88,5,2,2,1,0,0,2,0,-1
1844,3.23,7,1,0,7,1,3,1,3,-1
1845,3.89,6,7,0,2,1,0,3,0,-1
1846,2.48,4,6,2,5,0,0,1,0,-1
1847,2.24,5,1,3,5,1,0,3,3,-1
1848,2.39,4,5,0,1,0,0,2,1,-1
1849,3.77,9,6,0,5,1,3,1,1,-1
1850,3.29,8,2,2,6,1,2,2,1,-1
1851,2.57,6,7,2,5,1,0,0,0,-1
1852,3.63,4,1,0,4,0,2,1,1,-1
1853,3.72,7,4,1,3,0,1,1,0,-1
1854,3.69,9,2,0,5,0,0,2,1,-1
1855,3.84,9,1,1,4,0,0,2,3,-1
1856,2.5,6,5,2,2,1,1,2,2,-1
1857,3.51,9,7,1,5,1,2,0,0,-1
1858,2.92,7,0,3,6,0,3,0,3,-1
1859,3.68,4,7,2,2,0,0,2,0,-1
1860,3.46,6,0,0,7,0,1,1,0,-1
1861,3.55,9,4,0,5,0,1,1,3,-1
1862,3.31,9,2,2,1,1,0,2,1,-1
1863,2.35,7,5,2,4,1,2,3,0,-1
1864,3.09,8,1,3,4,0,2,0,2,-1
1865,3.97,8,1,2,1,1,0,0,2,-1
1866,3.87,9,0,0,3,1,1,3,3,-1
1867,2.09,4,5,3,7,0,0,2,2,-1
1868,2.33,6,6,0,6,1,3,1,3,-1
1869,2.26,9,4,1,4,0,3,1,3,-1
1870,3.45,5,0,2,2,1,2,0,0,-1
1871,3.64,6,0,1,6,0,3,3,3,-1
1872,2.43,8,4,0,4,0,1,1,3,-1
1873,3.01,9,2,1,7,0,3,0,1,-1
1874,3.68,7,1,1,3,0,0,1,0,-1
1875,3.47,5,2,0,7,1,1,1,2,-1
1876,3.08,9,5,0,2,0,2,1,1,-1
1877,3.18,4,6,2,7,0,2,0,1,-1
1878,3.02,5,7,1,6,0,3,3,0,-1
1879,2.6,9,3,3,2,1,2,2,0,-1
1880,3.13,4,3,3,1,1,0,3,1,-1
1881,3.38,5,3,0,5,1,1,1,0,-1
1882,3.75,4,4,0,1,0,0,3,0,-1
1883,3.27,4,0,1,6,1,0,1,3,-1
1884,3.52,5,6,0,5,0,0,0,0,-1
1885,2.32,5,2,3,1,0,0,0,3,-1
1886,2.92,4,7,2,5,0,1,0,1,-1
1887,2.02,8,1,2,4,0,1,1,1,-1
1888,2.49,5,3,1,7,1,0,3,2,-1
1889,3.45,9,2,2,2,0,0,2,0,-1
1890,3.98,6,3,0,5,0,2,2,1,-1
1891,2.2,7,6,0,4,0,2,0,3,-1
1892,2.8,4,3,0,7,0,1,2,1,-1
1893,3.6,4,1,0,7,1,2,1,0,-1
1894,2.41,7,7,1,3,1,1,3,2,-1
1895,3.11,8,5,2,1,0,1,2,2,-1
1896,3.47,7,5,3,3,0,3,2,1,-1
1897,3.23,5,6,2,6,1,1,3,2,-1
1898,2.38,7,5,0,4,1,2,2,0,-1
1899,2.71,4,4,3,3,1,3,3,0,-1
1900,3.57,7,0,1,3,0,2,1,2,-1
1901,3.11,6,4,0,7,0,1,1,3,-1
1902,2.01,9,2,0,4,0,1,1,2,-1
1903,3.52,5,4,3,7,0,0,0,2,-1
1904,2.07,7,2,1,2,1,1,1,1,-1
1905,3.49,4,2,3,5,1,3,2,3,-1
1906,2.4,9,0,1,6,0,1,0,2,-1
1907,3.92,5,1,0,6,0,0,0,1,-1
1908,2.74,4,7,2,1,1,1,0,1,-1
1909,2.65,8,6,0,7,0,1,1,1,-1
1910,2.3,6,0,2,5,0,1,0,0,-1
1911,2.61,8,6,2,1,0,0,1,1,-1
1912,3.75,6,5,1,6,1,2,1,1,-1
1913,3.99,7,5,3,5,1,1,0,0,-1
1914,2.74,5,4,1,3,1,3,0,0,-1
1915,2.9,7,2,0,2,0,0,2,1,-1
1916,3.44,6,3,3,3,0,3,0,2,-1
1917,3.77,6,3,2,2,1,1,1,3,-1
1918,3.19,6,6,2,7,1,0,2,0,-1
1919,2.78,9,2,0,4,0,1,2,3,-1
1920,2.83,4,6,3,1,0,3,1,0,-1
1921,3.39,5,0,0,1,0,0,0,1,-1
1922,2.01,7,1,0,4,1,2,0,0,-1
1923,3.24,7,7,1,5,0,2,3,1,-1
1924,2.71,8,0,0,4,1,2,0,3,-1
1925,3.59,6,2,3,7,1,1,3,2,-1
1926,2.19,6,2,0,6,0,0,2,1,-1
1927,3.18,6,1,3,4,1,3,2,3,-1
1928,2.96,7,6,2,2,1,3,2,3,-1
1929,3.28,8,4,0,6,0,1,3,0,-1
1930,2.13,4,4,3,4,1,1,1,1,-1
1931,3.16,9,1,2,1,0,3,1,3,-1
1932,3.12,5,4,3,3,1,0,2,2,-1
1933,3.12,4,3,2,2,0,1,3,0,-1
1934,3.21,7,4,1,7,1,0,3,0,-1
1935,3.35,9,4,0,2,0,3,2,3,-1
1936,3.61,9,4,0,5,1,0,0,1,-1
1937,2.54,9,3,2,3,0,2,2,0,-1
1938,3.65,6,6,1,2,0,3,3,1,-1
1939,3.0,5,4,3,4,1,2,0,3,-1
1940,2.15,7,5,1,2,1,3,1,3,-1
1941,2.12,7,3,3,2,0,2,0,1,-1
1942,2.67,9,1,3,2,0,0,1,2,-1
1943,3.57,7,0,0,5,1,3,3,0,-1
1944,3.42,5,1,2,2,1,3,2,3,-1
1945,3.58,5,0,0,2,1,2,2,2,-1
1946,3.03,8,7,0,5,1,0,2,2,-1
1947,2.88,8,1,0,6,0,3,2,1,-1
1948,2.29,4,5,3,3,0,1,2,1,-1
1949,2.66,5,0,0,7,0,2,3,1,-1
1950,2.87,5,0,3,6,0,3,3,2,-1
1951,2.18,5,2,2,1,0,0,2,0,-1
1952,2.44,8,0,3,5,0,0,0,1,-1
1953,3.2,9,0,3,5,1,0,2,0,-1
1954,3.47,9,2,1,2,1,0,1,1,-1
1955,4.0,7,4,0,2,0,2,1,2,-1
1956,3.87,9,4,0,7,1,3,1,0,-1
1957,3.29,6,2,0,1,1,2,1,0,-1
1958,2.84,8,3,0,2,1,2,2,2,-1
1959,3.27,5,7,1,4,1,0,1,0,-1
1960,3.57,9,0,1,2,0,1,0,2,-1
1961,2.24,8,0,1,2,0,0,2,2,-1
1962,2.82,9,2,1,4,1,1,1,3,-1
1963,3.68,4,2,0,1,1,2,2,1,-1
1964,2.77,5,3,3,4,0,0,2,3,-1
1965,3.14,4,5,2,5,1,0,2,2,-1
1966,3.18,5,4,1,4,0,2,3,2,-1
1967,2.37,8,1,3,3,0,0,1,0,-1
1968,2.72,7,5,1,5,1,3,3,2,-1
1969,2.67,9,6,0,2,0,1,0,2,-1
1970,2.05,9,4,0,7,0,1,0,2,-1
1971,2.05,6,0,3,5,1,1,3,1,-1
1972,3.66,4,6,3,1,1,0,1,3,-1
1973,2.55,9,5,3,1,0,3,2,3,-1
1974,3.04,8,2,0,4,1,0,0,1,-1
1975,2.6,7,3,0,5,0,1,0,1,-1
1976,3.88,8,4,2,2,0,0,0,1,-1
1977,2.52,4,3,3,1,1,1,1,3,-1
1978,2.86,6,6,2,6,1,2,3,3,-1
1979,3.75,9,4,1,2,0,1,3,2,-1
1980,3.68,8,7,2,6,0,2,1,3,-1
1981,2.37,5,7,1,3,0,2,0,0,-1
1982,3.61,7,5,1,6,0,2,1,3,-1
1983,2.92,8,0,2,1,0,1,1,1,-1
1984,2.97,7,7,3,4,1,3,3,3,-1
1985,2.27,9,7,1,3,0,1,1,2,-1
1986,2.16,5,1,3,5,0,0,1,3,-1
1987,3.46,6,3,0,2,0,0,0,1,-1
1988,2.99,6,3,1,1,0,3,2,0,-1
1989,2.87,5,7,0,3,0,3,0,1,-1
1990,3.46,7,1,2,3,0,3,3,0,-1
1991,3.53,9,3,3,1,1,2,2,2,-1
1992,2.32,8,3,2,5,0,3,0,2,-1
1993,3.22,5,4,1,5,1,3,1,3,-1
1994,2.27,4,4,0,4,1,3,1,2,-1
1995,3.5,7,1,1,7,0,1,2,2,-1
1996,3.31,6,6,2,6,1,0,2,1,-1
1997,3.91,5,0,3,5,0,0,1,1,-1
1998,2.14,6,5,3,4,0,3,3,3,-1
1999,2.11,7,7,1,6,1,0,0,3,-1
2000,2.56,6,7,1,3,0,1,1,3,-1
2001,2.52,5,5,0,1,0,0,0,3,-1
2002,2.49,7,7,2,5,0,2,0,1,-1
2003,3.81,4,7,1,4,0,1,0,3,-1
2004,2.5,5,6,0,3,0,0,0,3,-1
2005,2.54,8,3,1,5,1,0,3,2,-1
2006,3.52,9,0,3,2,1,1,3,3,-1
2007,2.9,5,7,0,7,0,0,3,0,-1
2008,3.55,7,1,0,3,0,0,1,2,-1
2009,2.13,9,6,1,5,1,3,1,1,-1
2010,2.98,5,7,2,3,0,2,1,0,-1
2011,2.07,4,1,3,1,0,1,3,3,-1
2012,2.13,4,4,2,1,0,3,0,2,-1
2013,3.81,8,3,0,7,0,0,3,3,-1
2014,2.28,6,2,2,1,0,1,1,2,-1
2015,3.06,9,7,0,6,0,1,2,3,-1
2016,2.82,7,1,2,2,0,2,1,0,-1
2017,2.69,7,6,1,1,0,2,0,1,-1
2018,3.8,6,3,2,2,0,1,3,0,-1
2019,2.04,4,0,0,1,0,2,2,0,-1
2020,3.33,4,6,3,6,0,2,2,1,-1
2021,3.93,5,4,3,3,1,0,0,2,-1
2022,3.12,8,5,3,5,1,2,3,2,-1
2023,3.87,9,7,0,5,0,2,2,1,-1
2024,2.1,8,0,2,1,1,3,1,3,-1
2025,2.84,8,1,3,5,1,0,0,2,-1
2026,2.52,5,7,3,1,1,0,2,0,-1
2027,3.46,8,1,3,1,1,1,0,1,-1
2028,3.96,6,0,1,7,1,2,3,0,-1
2029,2.51,5,1,0,4,1,3,3,2,-1
2030,3.31,6,6,0,4,0,3,3,1,-1
2031,2.4,5,3,0,7,0,0,1,1,-1
2032,3.13,8,1,0,4,0,2,2,2,-1
2033,2.93,6,4,0,2,1,3,3,2,-1
2034,3.94,6,3,1,4,0,1,1,1,-1
2035,3.22,6,6,2,1,0,2,3,3,-1
2036,2.7,5,7,1,6,0,2,3,1,-1
2037,2.23,7,2,3,6,1,2,2,3,-1
2038,2.3,8,7,1,3,0,3,1,0,-1
2039,2.45,6,1,0,4,0,0,3,3,-1
2040,2.5,9,1,1,6,0,0,1,3,-1
2041,3.7,7,4,0,4,0,1,1,2,-1
2042,3.12,9,6,1,3,0,3,3,1,-1
2043,3.05,8,4,0,6,0,2,3,0,-1
2044,2.23,8,5,3,1,0,1,0,1,-1
2045,3.72,6,6,0,2,1,1,2,3,-1
2046,3.45,6,0,1,7,0,0,3,3,-1
2047,2.14,5,0,3,7,0,2,0,3,-1
2048,3.42,7,0,1,7,0,2,2,1,-1
2049,3.09,7,4,3,4,1,3,3,3,-1
2050,2.16,6,0,2,6,1,3,1,1,-1
2051,2.92,8,6,2,6,0,3,2,0,-1
2052,2.97,6,0,2,3,0,1,1,0,-1
2053,2.33,8,2,1,1,0,2,0,1,-1
2054,3.89,8,0,1,5,0,0,3,0,-1
2055,3.7,6,1,3,6,1,1,0,2,-1
2056,3.34,4,5,3,2,0,1,3,3,-1
2057,2.92,7,4,3,3,0,0,3,3,-1
2058,2.82,9,3,3,6,0,0,1,3,-1
2059,3.3,8,5,0,6,1,3,0,2,-1
2060,3.09,8,2,2,3,0,0,1,3,-1
2061,2.12,4,4,0,3,0,0,1,1,-1
2062,3.03,9,6,0,4,0,0,1,3,-1
2063,3.61,5,7,0,6,0,0,0,1,-1
2064,2.92,4,4,0,5,1,3,3,0,-1
2065,2.1,9,1,2,2,1,1,3,1,-1
2066,3.57,4,6,0,1,0,2,0,1,-1
2067,2.4,8,5,3,1,0,2,3,1,-1
2068,2.52,7,5,1,5,1,1,0,3,-1
2069,2.33,4,0,3,3,0,2,0,2,-1
2070,2.66,5,6,1,3,0,2,3,2,-1
2071,3.51,6,7,3,3,0,1,2,1,-1
2072,3.04,9,1,3,6,1,2,1,3,-1
2073,2.41,4,0,1,3,0,2,0,2,-1
2074,3.76,4,0,2,3,1,1,0,0,-1
2075,3.76,5,7,0,6,1,2,2,0,-1
2076,3.74,7,4,3,6,1,0,0,3,-1
2077,2.48,4,5,2,5,0,1,0,0,-1
2078,2.9,4,0,0,4,1,3,3,0,-1
2079,3.97,7,2,2,6,0,2,3,0,-1
2080,3.54,5,2,2,2,0,3,2,2,-1
2081,2.05,9,5,0,3,0,2,0,0,-1
2082,2.13,9,2,3,4,0,0,1,1,-1
2083,2.93,4,7,2,1,0,1,3,1,-1
2084,3.82,7,4,3,5,0,3,1,0,-1
2085,3.08,4,1,3,4,0,1,1,1,-1
2086,3.0,6,3,3,6,0,3,2,2,-1
2087,2.21,9,0,0,3,1,2,2,3,-1
2088,3.31,8,3,1,3,1,0,0,1,-1
2089,3.64,6,1,3,3,0,3,2,0,-1
2090,2.76,4,1,1,4,0,3,3,3,-1
2091,3.55,5,7,1,3,0,0,0,3,-1
2092,3.93,9,4,2,6,0,0,0,0,-1
2093,2.41,8,2,3,4,1,0,1,1,-1
2094,3.05,6,2,3,3,0,0,1,2,-1
2095,2.57,9,7,3,1,1,0,1,1,-1
2096,3.59,7,1,1,1,0,1,0,1,-1
2097,3.16,5,4,0,2,0,2,2,2,-1
2098,3.27,6,4,1,3,0,2,2,3,-1
2099,3.6,7,5,3,3,1,3,2,2,-1
2100,2.79,4,6,3,4,0,0,0,2,-1
2101,3.83,7,0,3,4,0,1,0,0,-1
2102,3.07,6,7,1,7,0,1,0,0,-1
2103,2.32,6,6,3,3,0,3,0,1,-1
2104,3.39,4,7,2,2,0,0,0,0,-1
2105,3.59,7,2,3,3,0,2,2,2,-1
2106,2.63,7,1,0,6,0,0,0,2,-1
2107,3.71,4,7,2,4,1,1,2,0,-1
2108,3.81,7,7,3,3,0,0,0,0,-1
2109,2.55,9,5,2,4,0,2,2,0,-1
2110,3.97,4,3,3,3,0,2,3,2,-1
2111,2.28,5,2,0,5,0,3,3,3,-1
2112,2.4,6,0,3,4,0,1,2,3,-1
2113,2.37,5,4,2,2,0,0,3,0,-1
2114,3.79,9,1,0,5,0,0,3,1,-1
2115,3.31,9,2,1,6,0,3,2,1,-1
2116,2.3,8,3,0,3,0,3,0,3,-1
2117,2.88,8,7,0,7,0,3,0,0,-1
2118,3.23,8,0,0,6,0,1,2,2,-1
2119,2.17,4,7,2,4,0,0,1,1,-1
2120,3.76,7,0,0,5,0,3,1,1,-1
2121,3.61,9,5,3,6,0,1,3,2,-1
2122,3.01,5,7,0,2,1,0,1,2,-1
2123,3.93,5,2,0,7,1,2,3,0,-1
2124,2.84,5,3,3,4,1,3,0,2,-1
2125,3.97,5,0,3,5,0,1,2,2,-1
2126,3.34,8,1,1,6,1,0,0,2,-1
2127,3.27,5,0,0,5,1,0,2,3,-1
2128,2.33,7,3,2,5,1,3,1,2,-1
2129,3.76,8,4,0,6,0,3,0,1,-1
2130,2.85,5,4,0,1,1,0,0,0,-1
2131,2.32,4,5,3,3,0,1,3,0,-1
2132,2.03,6,2,1,4,1,2,2,0,-1
2133,3.12,6,3,0,4,0,0,1,3,-1
2134,3.05,6,5,2,7,0,1,0,1,-1
2135,3.44,8,6,0,7,0,3,2,2,-1
2136,3.78,5,0,2,7,0,0,1,1,-1
2137,2.16,9,6,3,4,0,3,0,0,-1
2138,3.46,9,0,1,5,0,2,2,2,-1
2139,2.37,9,4,0,7,1,3,3,0,-1
2140,3.72,8,5,1,6,0,2,0,0,-1
2141,3.64,7,4,0,3,1,3,2,0,-1
2142,3.08,4,1,2,2,0,3,1,1,-1
2143,3.42,4,6,1,4,1,2,1,1,-1
2144,2.63,6,6,0,6,0,3,3,0,-1
2145,2.94,6,4,3,3,0,1,0,0,-1
2146,3.64,9,1,2,3,0,3,3,2,-1
2147,2.92,9,0,1,1,0,0,2,0,-1
2148,2.72,6,5,0,6,0,3,1,0,-1
2149,2.99,5,1,1,4,0,1,3,0,-1
2150,3.66,7,5,0,7,0,0,0,0,-1
2151,2.67,7,6,2,5,1,1,2,1,-1
2152,2.35,7,5,3,7,0,0,0,0,-1
2153,3.42,7,6,2,3,0,3,3,3,-1
2154,3.65,6,1,1,3,0,1,1,0,-1
2155,2.2,4,6,1,2,0,3,1,1,-1
2156,2.48,6,7,0,7,1,0,3,3,-1
2157,2.28,7,2,2,1,1,1,0,3,-1
2158,2.7,6,6,0,3,0,2,0,0,-1
2159,2.9,7,4,2,3,0,1,0,0,-1
2160,3.5,8,1,1,5,0,3,0,1,-1
2161,3.3,9,7,0,5,0,2,1,3,-1
2162,3.24,4,0,0,2,0,2,0,3,-1
2163,2.7,8,5,2,6,1,0,3,1,-1
2164,3.68,5,7,3,2,1,2,3,0,-1
2165,2.94,6,3,2,2,1,2,3,2,-1
2166,3.96,5,7,3,5,0,0,3,2,-1
2167,3.27,6,1,2,7,1,1,0,3,-1
2168,2.25,9,7,1,7,0,3,1,3,-1
2169,3.35,8,7,0,7,0,1,2,0,-1
2170,2.65,9,4,2,6,1,2,0,2,-1
2171,3.37,7,6,1,5,1,3,2,3,-1
2172,2.14,9,5,2,1,1,1,1,0,-1
2173,2.35,9,2,0,4,0,3,0,2,-1
2174,3.71,7,0,2,4,0,2,2,1,-1
2175,2.45,6,2,3,1,1,1,1,3,-1
2176,3.67,7,7,0,7,0,3,2,1,-1
2177,2.56,8,3,3,4,0,3,3,2,-1
2178,3.29,9,1,1,6,0,1,3,0,-1
2179,3.39,7,5,1,5,0,1,1,0,-1
2180,3.03,9,1,2,4,0,2,1,2,-1
2181,2.61,8,4,3,6,0,0,2,1,-1
2182,2.43,5,1,3,5,0,3,1,0,-1
2183,2.07,8,0,0,6,1,1,3,3,-1
2184,2.61,4,3,3,1,0,1,3,1,-1
2185,3.31,4,2,3,2,0,1,0,1,-1
2186,3.88,4,7,0,1,0,3,2,3,-1
2187,3.74,9,7,0,4,0,2,1,2,-1
2188,3.53,6,3,3,5,0,0,1,0,-1
2189,3.58,6,5,2,6,1,3,1,1,-1
2190,3.33,6,1,0,4,1,2,2,0,-1
2191,2.52,9,5,0,4,1,3,3,0,-1
2192,3.81,8,2,3,2,0,3,1,1,-1
2193,3.34,6,5,3,7,1,1,1,2,-1
2194,3.12,5,4,0,4,1,2,3,1,-1
2195,2.22,4,3,3,2,1,1,1,2,-1
2196,2.89,8,2,0,5,1,1,0,3,-1
2197,2.92,4,2,2,5,1,2,3,2,-1
2198,3.73,6,6,2,6,1,1,3,2,-1
2199,3.09,8,2,0,7,0,1,3,1,-1
2200,2.76,7,6,0,2,1,0,0,0,-1
2201,3.95,5,0,1,1,1,2,3,0,-1
2202,2.22,6,7,1,5,0,2,2,2,-1
2203,2.85,6,6,3,7,0,1,2,2,-1
2204,2.08,5,3,3,6,1,1,2,1,-1
2205,3.48,5,5,0,1,1,2,3,2,-1
2206,3.84,7,6,0,5,0,2,3,1,-1
2207,2.56,6,2,1,5,1,3,3,3,-1
2208,3.72,9,3,1,6,1,2,0,2,-1
2209,2.58,6,6,0,6,1,3,2,3,-1
2210,3.82,4,6,2,3,1,1,1,2,-1
2211,3.51,8,2,2,4,0,0,1,2,-1
2212,3.61,8,4,3,4,0,0,3,3,-1
2213,2.04,4,4,0,1,0,3,0,3,-1
2214,3.93,8,6,0,4,0,1,3,1,-1
2215,3.45,5,4,3,1,0,1,1,1,-1
2216,2.61,8,1,1,7,0,1,2,3,-1
2217,3.66,8,2,1,5,0,2,1,2,-1
2218,2.56,4,1,2,3,1,1,2,1,-1
2219,3.75,7,3,0,3,0,2,2,2,-1
2220,2.23,8,1,1,5,0,3,0,0,-1
2221,3.41,9,3,2,6,1,0,1,1,-1
2222,3.08,8,6,2,2,0,3,3,1,-1
2223,2.19,7,3,2,2,0,1,0,1,-1
2224,2.48,4,3,1,4,0,1,2,0,-1
2225,2.02,7,5,1,6,1,3,1,3,-1
2226,2.94,4,1,0,1,0,2,3,2,-1
2227,2.6,5,5,0,7,0,2,0,0,-1
2228,3.2,4,6,2,3,0,2,3,3,-1
2229,2.59,5,2,2,4,1,0,1,1,-1
2230,2.6,5,1,1,5,1,0,3,3,-1
2231,3.49,4,2,1,6,0,1,0,3,-1
2232,2.1,9,2,0,3,0,3,3,3,-1
2233,3.81,6,3,0,1,0,3,1,2,-1
2234,3.7,4,7,3,1,0,1,0,3,-1
2235,3.34,8,1,0,2,0,2,2,3,-1
2236,3.19,9,2,1,4,0,0,0,3,-1
2237,3.78,9,7,2,5,1,3,1,3,-1
2238,2.37,8,4,3,3,1,1,3,0,-1
2239,2.16,6,2,0,7,0,2,2,0,-1
2240,2.48,9,4,0,1,0,2,2,3,-1
2241,3.59,5,1,1,3,0,0,3,3,-1
2242,2.07,6,6,3,5,0,0,1,3,-1
2243,3.17,8,5,0,3,1,1,0,1,-1
2244,3.99,6,1,2,4,0,1,1,3,-1
2245,3.71,4,5,1,2,0,2,2,3,-1
2246,3.04,6,5,3,3,0,2,0,0,-1
2247,2.13,5,1,0,6,1,3,0,0,-1
2248,3.66,4,2,0,2,0,2,3,0,-1
2249,3.2,7,0,3,5,0,1,1,2,-1
2250,2.23,8,2,1,2,0,0,0,1,-1
2251,2.19,8,2,3,3,0,1,3,3,-1
2252,3.82,6,6,3,3,1,3,1,0,-1
2253,3.34,9,3,1,6,1,3,2,2,-1
2254,3.66,4,3,0,1,1,0,2,3,-1
2255,3.76,7,2,2,6,0,1,1,3,-1
2256,3.14,4,4,1,3,0,3,0,0,-1
2257,3.03,8,6,2,7,0,1,0,3,-1
2258,2.86,4,5,0,2,1,3,2,3,-1
2259,2.63,7,7,3,6,0,0,2,3,-1
2260,2.87,9,3,2,6,0,3,0,0,-1
2261,3.55,6,2,0,7,1,1,1,2,-1
2262,3.2,5,6,0,7,0,1,2,3,-1
2263,3.79,4,0,3,7,1,3,0,2,-1
2264,2.89,5,4,3,1,1,2,1,3,-1
2265,3.21,8,1,0,3,1,0,3,0,-1
2266,3.26,6,2,0,3,0,0,1,2,-1
2267,3.18,6,6,2,5,0,3,0,0,-1
2268,3.41,4,2,0,1,1,3,1,1,-1
2269,2.47,9,7,0,5,0,2,0,3,-1
2270,3.02,6,5,2,5,0,0,2,1,-1
2271,2.21,4,4,1,5,0,2,3,1,-1
2272,2.77,4,3,2,4,1,0,2,1,-1
2273,2.98,5,3,2,5,0,3,2,3,-1
2274,3.3,6,3,3,6,0,0,0,0,-1
2275,3.9,4,7,2,2,1,0,0,1,-1
2276,3.2,5,1,0,6,1,0,0,2,-1
2277,3.49,7,6,0,6,0,2,0,3,-1
2278,3.01,5,4,0,3,1,2,2,0,-1
2279,3.27,5,4,1,4,0,0,0,0,-1
2280,2.14,4,3,0,5,1,1,0,1,-1
2281,2.51,8,3,1,3,0,2,2,3,-1
2282,2.72,8,5,0,1,1,3,3,1,-1
2283,2.94,9,7,2,1,1,3,3,2,-1
2284,2.09,8,0,3,3,1,0,1,0,-1
2285,2.28,5,0,0,2,0,3,2,0,-1
2286,2.55,9,2,1,3,0,2,0,3,-1
2287,3.94,4,2,1,3,1,1,1,0,-1
2288,2.66,6,4,3,4,1,1,3,3,-1
2289,2.96,5,4,0,1,0,1,3,1,-1
2290,2.39,5,1,2,1,0,3,2,2,-1
2291,3.22,9,1,0,5,0,0,0,3,-1
2292,2.56,4,0,0,6,1,3,0,1,-1
2293,2.41,7,7,3,3,0,0,1,2,-1
2294,3.03,5,2,0,3,0,1,3,0,-1
2295,2.01,7,0,2,2,0,2,1,2,-1
2296,2.02,7,7,1,7,0,3,1,2,-1
2297,2.44,8,0,3,7,1,2,1,2,-1
2298,2.07,4,2,2,1,1,1,0,0,-1
2299,2.22,7,6,1,2,0,0,3,3,-1
2300,2.68,4,1,3,4,0,2,1,3,-1
2301,3.61,8,5,3,5,0,3,3,2,-1
2302,3.14,4,5,1,2,0,2,3,1,-1
2303,3.03,5,5,1,1,0,2,1,1,-1
2304,2.59,7,2,2,4,0,3,1,2,-1
2305,3.86,4,3,0,3,0,0,2,2,-1
2306,2.79,6,3,0,4,1,3,0,1,-1
2307,2.17,4,3,0,6,1,1,3,2,-1
2308,3.23,7,4,0,2,0,0,1,2,-1
2309,2.23,8,1,0,1,1,2,1,3,-1
2310,2.69,8,1,2,2,1,3,3,3,-1
2311,3.01,7,6,3,3,1,1,1,2,-1
2312,3.75,5,6,2,7,1,3,2,2,-1
2313,2.99,5,4,2,3,1,0,3,0,-1
2314,3.4,8,0,2,1,0,1,1,3,-1
2315,3.99,8,7,3,6,0,2,3,2,-1
2316,2.26,7,6,2,5,0,0,1,0,-1
2317,2.55,5,5,2,4,0,1,1,0,-1
2318,2.79,8,3,3,4,0,0,0,0,-1
2319,2.84,5,5,2,3,1,2,3,0,-1
2320,2.82,8,3,0,2,0,1,0,3,-1
2321,3.82,4,5,1,7,1,3,1,0,-1
2322,3.43,6,0,2,2,0,3,3,3,-1
2323,3.22,9,7,1,6,0,2,3,0,-1
2324,2.62,4,5,2,5,0,1,2,0,-1
2325,3.65,9,5,2,2,0,2,2,1,-1
2326,3.91,8,2,0,4,0,2,1,3,-1
2327,3.64,6,7,3,7,0,0,1,1,-1
2328,2.0,6,5,1,2,1,3,1,1,-1
2329,3.27,8,2,3,7,0,2,1,0,-1
2330,2.1,8,1,0,5,0,0,2,3,-1
2331,2.52,5,7,0,4,1,2,3,2,-1
2332,2.12,8,4,1,7,1,2,0,0,-1
2333,3.21,7,7,3,2,0,2,3,3,-1
2334,3.37,8,7,0,4,1,3,3,1,-1
2335,2.23,7,5,2,3,1,1,2,3,-1
2336,2.77,8,1,2,3,0,3,3,0,-1
2337,2.91,5,7,2,6,1,0,3,3,-1
2338,2.74,7,6,3,3,0,1,1,1,-1
2339,2.24,4,6,2,2,0,0,0,3,-1
2340,2.84,7,2,2,5,0,2,3,3,-1
2341,3.5,5,5,0,4,1,1,3,1,-1
2342,2.14,9,5,0,7,0,0,0,0,-1
2343,2.16,7,7,2,1,0,2,1,2,-1
2344,2.71,8,0,2,3,1,0,2,1,-1
2345,3.88,8,1,0,3,1,0,2,1,-1
2346,3.34,9,3,1,1,0,3,3,0,-1
2347,3.36,5,3,3,7,1,2,1,0,-1
2348,2.72,6,0,3,7,1,3,2,3,-1
2349,3.19,8,2,0,1,1,1,2,1,-1
2350,2.02,4,3,3,7,1,2,2,3,-1
2351,3.27,5,7,0,2,1,3,2,3,-1
2352,3.83,7,3,0,7,0,3,2,0,-1
2353,3.23,7,6,0,4,0,1,3,0,-1
2354,3.75,4,6,0,7,1,0,2,3,-1
2355,3.45,8,4,1,3,0,0,3,1,-1
2356,2.24,5,1,2,5,0,0,0,1,-1
2357,3.8,4,2,2,2,0,1,0,3,-1
2358,2.13,8,5,1,2,0,3,1,2,-1
2359,3.07,5,1,3,7,0,2,3,2,-1
2360,2.28,7,2,3,5,0,1,1,0,-1
2361,2.02,5,3,2,5,0,0,0,1,-1
2362,2.84,9,4,3,6,0,0,0,3,-1
2363,2.59,6,1,2,5,1,2,0,3,-1
2364,2.97,5,3,2,7,1,1,0,1,-1
2365,3.15,6,2,1,7,0,0,2,0,-1
2366,2.09,5,1,3,1,0,1,0,0,-1
2367,2.25,6,5,1,3,0,3,2,2,-1
2368,3.12,9,1,2,6,0,1,2,1,-1
2369,2.69,7,3,2,7,1,3,1,1,-1
2370,3.46,8,7,2,1,0,2,2,3,-1
2371,3.3,6,7,0,6,1,3,1,1,-1
2372,3.69,9,1,0,3,1,3,2,2,-1
2373,3.38,6,5,0,6,0,2,2,1,-1
2374,2.86,7,4,1,1,1,0,0,3,-1
2375,3.35,6,4,2,4,0,2,3,2,-1
2376,2.55,9,7,3,7,0,1,2,3,-1
2377,2.61,9,3,1,3,1,2,3,1,-1
2378,3.58,4,2,1,2,0,1,3,0,-1
2379,2.89,7,3,1,3,0,0,3,1,-1
2380,3.6,4,4,3,3,1,1,2,1,-1
2381,3.64,7,0,2,3,1,2,3,3,-1
2382,3.72,6,0,0,4,0,2,2,0,-1
2383,3.83,9,1,2,7,0,0,0,1,-1
2384,2.86,4,5,2,1,1,2,2,2,-1
2385,2.64,6,7,1,7,1,0,1,2,-1
2386,3.16,9,6,1,2,0,0,0,3,-1
2387,2.74,7,6,1,1,0,2,3,3,-1
2388,3.2,9,6,0,6,1,3,3,0,-1
2389,3.41,6,1,0,6,0,1,1,3,-1
2390,3.38,4,0,0,6,0,3,0,0,-1
2391,2.75,4,4,2,1,0,0,1,1,-1
2392,2.33,9,1,1,5,1,1,3,2,-1
2393,2.86,6,6,3,4,0,3,2,2,-1
2394,2.29,5,6,2,5,1,2,3,2,-1
2395,3.78,7,7,0,7,0,3,1,3,-1
2396,2.69,7,3,3,6,0,1,2,3,-1
2397,2.31,6,6,3,4,0,1,2,1,-1
2398,2.05,5,5,1,1,0,1,3,3,-1
2399,3.29,4,6,3,6,0,1,2,0,-1
2400,3.27,8,3,0,1,0,3,0,2,-1
2401,2.68,8,6,1,4,1,2,3,1,-1
2402,2.14,6,5,3,1,0,2,3,0,-1
2403,2.82,5,4,1,1,1,1,0,0,-1
2404,2.62,5,1,3,2,1,2,3,3,-1
2405,3.35,7,5,2,7,0,3,1,3,-1
2406,3.21,4,3,2,5,0,2,1,2,-1
2407,2.73,9,1,0,5,0,0,3,1,-1
2408,2.44,5,1,2,5,0,2,0,0,-1
2409,3.98,9,3,2,3,0,1,2,3,-1
2410,2.91,8,7,2,2,0,2,0,3,-1
2411,3.38,9,0,3,6,1,2,1,1,-1
2412,2.28,4,6,3,6,0,2,3,1,-1
2413,2.97,4,5,1,6,0,2,0,3,-1
2414,2.06,9,3,3,5,1,0,2,3,-1
2415,3.01,6,4,2,7,1,3,2,2,-1
2416,3.93,5,2,3,5,0,1,2,1,-1
2417,2.77,6,3,0,7,1,1,2,0,-1
2418,2.08,9,6,1,2,1,2,0,3,-1
2419,2.06,5,6,1,7,1,3,2,3,-1
2420,2.78,7,1,3,1,1,2,1,3,-1
2421,2.32,6,1,2,5,0,0,2,3,-1
2422,2.05,6,3,1,6,0,3,1,2,-1
2423,3.51,9,2,0,1,1,3,0,1,-1
2424,2.92,8,7,0,5,0,3,1,3,-1
2425,2.58,9,3,1,4,1,3,0,1,-1
2426,3.8,6,2,2,3,0,2,2,0,-1
2427,2.23,5,7,2,5,0,0,3,0,-1
2428,3.91,8,2,3,4,0,3,1,0,-1
2429,2.63,9,6,3,2,0,1,1,0,-1
2430,3.78,9,6,1,4,0,1,3,1,-1
2431,3.21,6,6,3,2,0,0,0,0,-1
2432,3.65,6,4,3,5,0,1,0,0,-1
2433,3.97,7,6,3,2,0,2,2,3,-1
2434,2.58,9,5,0,4,0,2,1,3,-1
2435,3.92,6,1,3,7,0,0,0,3,-1
2436,2.78,4,1,1,3,0,3,2,2,-1
2437,2.77,8,2,2,1,1,1,0,3,-1
2438,2.68,4,1,3,1,0,1,3,0,-1
2439,3.08,8,0,2,3,1,0,3,1,-1
2440,2.31,9,7,3,6,1,0,3,0,-1
2441,3.11,7,2,1,1,1,1,2,1,-1
2442,3.08,6,1,0,5,0,3,1,0,-1
2443,3.52,6,0,1,6,0,0,3,2,-1
2444,3.67,6,7,0,5,0,2,3,3,-1
2445,2.88,9,4,3,4,0,1,0,0,-1
2446,2.6,8,1,3,4,0,0,3,3,-1
2447,2.52,6,0,0,6,0,0,1,2,-1
2448,2.39,4,3,1,6,0,0,2,2,-1
2449,2.12,6,5,1,6,0,1,3,3,-1
2450,2.68,9,3,0,6,1,2,2,3,-1
2451,2.54,7,0,3,2,0,2,2,1,-1
2452,3.93,4,2,0,7,0,1,1,3,-1
2453,3.12,6,6,3,6,0,0,0,3,-1
2454,2.69,6,6,0,7,0,1,0,1,-1
2455,3.16,5,6,3,6,0,1,2,0,-1
2456,2.28,8,7,0,4,0,0,3,1,-1
2457,2.89,4,2,2,5,0,1,2,0,-1
2458,3.25,5,7,3,7,0,3,0,0,-1
2459,2.98,7,1,1,4,1,2,3,0,-1
2460,2.8,8,6,0,1,0,3,0,1,-1
2461,3.99,4,3,1,2,0,3,1,1,-1
2462,3.76,6,2,0,2,0,3,0,2,-1
2463,3.25,4,2,1,5,0,1,3,0,-1
2464,3.14,6,6,1,6,1,0,3,1,-1
2465,3.24,8,3,0,4,1,1,2,2,-1
2466,2.4,6,4,0,1,0,2,3,0,-1
2467,2.79,7,2,1,4,0,1,1,1,-1
2468,2.08,9,6,1,6,1,1,0,1,-1
2469,2.95,6,5,1,6,1,1,2,1,-1
2470,3.09,7,0,3,3,0,1,2,3,-1
2471,2.46,9,7,3,4,1,3,3,2,-1
2472,3.93,8,1,2,5,1,0,1,1,-1
2473,3.82,8,2,3,4,1,2,2,3,-1
2474,3.44,4,5,3,2,0,2,1,2,-1
2475,3.07,7,5,0,1,0,2,1,2,-1
2476,3.74,7,2,2,7,1,1,0,3,-1
2477,2.26,5,4,2,5,0,2,0,2,-1
2478,3.58,5,0,3,3,1,3,0,3,-1
2479,2.25,9,1,0,1,1,0,1,0,-1
2480,3.59,9,2,0,1,1,1,0,1,-1
2481,2.55,5,7,2,7,1,1,2,3,-1
2482,3.75,9,1,0,2,1,3,2,2,-1
2483,3.89,6,3,1,2,1,2,3,2,-1
2484,2.3,5,5,3,2,0,1,1,0,-1
2485,2.93,7,5,1,5,0,1,0,0,-1
2486,3.96,6,2,2,4,0,3,2,0,-1
2487,2.97,9,2,2,1,0,3,1,0,-1
2488,3.73,8,7,0,4,1,2,1,0,-1
2489,3.18,4,3,0,4,0,0,0,1,-1
2490,2.75,5,4,2,2,1,0,1,3,-1
2491,2.57,8,2,2,4,0,2,0,0,-1
2492,2.41,9,5,1,1,1,0,0,0,-1
2493,3.52,7,1,1,1,0,3,0,1,-1
2494,2.77,4,0,0,6,0,3,1,3,-1
2495,3.02,8,6,1,3,1,3,1,0,-1
2496,2.98,4,1,0,5,0,0,0,3,-1
2497,3.15,5,4,0,4,1,0,1,3,-1
2498,3.73,9,0,3,5,0,1,0,1,-1
2499,3.96,7,1,0,5,0,1,3,1,-1
2500,2.82,9,1,1,5,1,1,1,0,-1
2501,3.66,4,3,2,7,1,0,1,2,-1
2502,3.53,8,6,2,6,1,1,3,1,-1
2503,3.15,5,7,1,5,0,3,3,3,-1
2504,3.91,5,4,2,6,1,0,3,3,-1
2505,2.4,9,5,0,1,0,2,0,0,-1
2506,2.22,8,3,2,7,0,0,0,0,-1
2507,3.71,8,0,1,4,1,1,2,0,-1
2508,2.88,4,6,2,6,0,0,3,3,-1
2509,3.69,9,5,0,3,0,1,2,1,-1
2510,3.79,9,3,0,5,1,1,0,2,-1
2511,2.12,6,6,1,7,0,2,1,1,-1
2512,3.77,9,7,1,3,0,2,3,2,-1
2513,2.9,5,4,1,1,0,3,1,1,-1
2514,3.02,4,2,3,1,1,1,0,0,-1
2515,3.25,8,7,3,2,1,0,3,3,-1
2516,3.85,9,2,0,5,0,2,2,2,-1
2517,2.04,4,0,3,2,0,2,2,1,-1
2518,2.95,9,2,3,7,0,1,0,3,-1
2519,3.38,8,3,2,3,1,0,1,2,-1
2520,3.45,7,0,3,4,0,2,0,2,-1
2521,3.39,8,5,2,2,0,2,1,3,-1
2522,2.27,8,7,1,1,1,0,0,0,-1
2523,2.6,8,7,2,5,1,2,2,3,-1
2524,2.72,9,4,2,3,0,0,1,0,-1
2525,3.61,6,0,1,6,0,1,0,1,-1
2526,2.56,8,5,1,7,0,2,3,1,-1
2527,2.42,5,7,0,7,0,1,2,3,-1
2528,3.91,5,0,0,1,0,0,2,0,-1
2529,2.02,4,1,0,6,1,1,3,1,-1
2530,4.0,6,1,0,7,0,1,0,0,-1
2531,3.35,4,0,2,4,0,1,1,0,-1
2532,3.66,5,7,2,5,0,3,2,0,-1
2533,2.59,5,6,0,4,1,0,0,3,-1
2534,2.03,7,2,3,7,0,0,3,0,-1
2535,3.48,8,1,0,4,0,0,1,3,-1
2536,3.67,5,6,3,7,1,0,0,1,-1
2537,3.48,9,6,1,5,1,0,0,1,-1
2538,2.29,9,4,2,5,0,2,2,2,-1
2539,3.51,4,5,2,6,0,2,2,2,-1
2540,3.54,4,3,3,4,0,2,1,1,-1
2541,3.32,8,1,0,3,0,1,0,0,-1
2542,3.53,8,0,2,6,1,1,3,0,-1
2543,3.69,7,2,3,5,0,0,3,1,-1
2544,3.23,6,3,1,1,0,3,1,1,-1
2545,2.18,4,5,1,7,0,0,0,2,-1
2546,2.98,8,6,2,6,0,2,2,0,-1
2547,2.16,4,5,0,2,0,0,0,1,-1
2548,2.82,8,7,3,3,1,1,2,2,-1
2549,2.81,5,1,2,7,1,0,3,2,-1
2550,2.13,4,5,1,6,1,2,1,0,-1
2551,2.7,5,5,0,5,1,0,1,2,-1
2552,2.22,4,2,3,5,0,1,1,2,-1
2553,3.62,6,7,2,3,0,3,2,3,-1
2554,3.9,7,7,3,2,0,2,3,1,-1
2555,2.14,9,6,0,6,1,0,3,0,-1
2556,3.91,9,2,0,6,0,1,1,1,-1
2557,3.05,9,2,1,4,0,2,1,3,-1
2558,2.6,5,0,0,1,1,2,2,0,-1
2559,2.15,8,5,2,5,0,1,2,1,-1
2560,3.0,9,5,3,6,0,0,0,2,-1
2561,3.59,6,7,0,6,0,0,2,0,-1
2562,3.41,9,5,0,7,1,0,0,3,-1
2563,2.1,4,4,2,7,0,2,1,2,-1
2564,2.15,5,2,3,6,1,3,3,3,-1
2565,2.81,4,3,3,2,1,2,2,2,-1
2566,2.59,4,7,1,1,0,0,3,1,-1
2567,2.46,4,1,1,6,0,2,2,1,-1
2568,2.56,7,7,3,3,0,3,2,1,-1
2569,3.61,7,6,2,5,0,2,0,3,-1
2570,3.86,8,3,2,4,0,1,2,0,-1
2571,2.81,5,6,1,7,1,0,1,1,-1
2572,3.81,6,0,0,3,0,0,3,3,-1
2573,2.64,6,0,2,5,1,0,2,2,-1
2574,2.95,6,6,0,7,1,2,3,1,-1
2575,2.45,4,5,2,2,0,2,3,2,-1
2576,3.28,7,3,3,7,0,2,3,1,-1
2577,3.96,5,5,1,1,0,0,2,2,-1
2578,3.21,4,7,0,1,1,2,0,3,-1
2579,2.72,7,4,0,5,1,0,3,1,-1
2580,3.3,7,0,3,3,1,2,3,3,-1
2581,2.25,9,0,2,4,1,0,2,3,-1
2582,3.78,9,3,0,2,1,1,2,2,-1
2583,3.01,5,0,2,5,0,2,1,1,-1
2584,2.9,5,4,3,2,0,0,1,0,-1
2585,3.17,5,4,1,1,0,1,0,0,-1
2586,3.25,4,4,0,6,0,1,0,3,-1
2587,2.14,8,1,2,6,1,3,0,2,-1
2588,3.37,5,4,0,4,0,2,0,2,-1
2589,2.48,9,4,2,2,1,0,3,2,-1
2590,3.43,8,1,2,5,0,3,2,1,-1
2591,3.65,4,5,2,4,0,2,1,1,-1
2592,3.61,8,7,3,7,0,1,3,2,-1
2593,3.11,6,2,1,7,1,2,2,0,-1
2594,3.04,8,0,0,3,0,0,2,0,-1
2595,2.29,5,4,1,6,1,1,3,1,-1
2596,3.55,4,0,2,5,1,3,3,2,-1
2597,2.54,5,3,2,2,1,2,1,0,-1
2598,2.99,9,0,1,4,0,2,0,0,-1
2599,2.57,6,6,1,5,0,3,0,1,-1
2600,2.27,9,5,0,4,1,2,1,1,-1
2601,3.26,5,7,2,4,0,2,1,0,-1
2602,2.11,5,1,1,4,0,2,0,2,-1
2603,3.5,5,0,3,2,0,1,3,0,-1
2604,2.64,7,0,2,5,1,1,0,0,-1
2605,2.0,6,0,2,1,0,0,2,2,-1
2606,3.02,5,2,0,1,0,2,2,1,-1
2607,2.09,5,2,3,2,0,0,1,2,-1
2608,2.55,9,3,0,7,0,1,0,2,-1
2609,3.41,9,1,3,2,0,2,0,2,-1
2610,2.13,5,0,0,6,1,0,2,2,-1
2611,3.68,4,0,3,4,1,2,0,1,-1
2612,2.01,7,0,3,5,1,2,1,0,-1
2613,2.49,9,0,3,5,0,3,1,3,-1
2614,3.48,4,2,1,3,1,0,2,1,-1
2615,2.63,7,5,2,3,0,1,0,2,-1
2616,2.2,5,5,3,1,0,0,0,0,-1
2617,2.72,6,3,1,3,0,0,2,0,-1
2618,2.54,8,6,1,3,0,0,3,2,-1
2619,3.69,8,4,0,1,0,3,3,1,-1
2620,2.63,5,1,2,6,0,2,0,2,-1
2621,3.58,9,5,2,7,0,1,1,0,-1
2622,3.78,4,6,0,1,1,3,3,0,-1
2623,2.87,6,7,2,7,0,1,0,1,-1
2624,3.82,7,7,0,3,0,3,3,3,-1
2625,2.75,5,0,1,5,0,2,2,2,-1
2626,3.93,6,7,1,3,0,1,3,3,-1
2627,2.18,6,5,3,4,0,0,3,0,-1
2628,3.37,9,3,0,7,1,3,2,3,-1
2629,2.99,7,4,1,7,0,1,1,2,-1
2630,2.78,6,5,1,4,1,2,0,2,-1
2631,3.27,9,3,0,4,1,1,1,0,-1
2632,3.41,4,7,1,6,0,3,1,1,-1
2633,2.01,9,2,2,2,0,2,3,1,-1
2634,2.33,4,4,1,4,1,0,0,0,-1
2635,3.43,4,3,0,7,0,3,3,2,-1
2636,3.33,6,6,2,5,0,3,2,1,-1
2637,3.93,9,5,2,7,0,2,1,3,-1
2638,3.52,4,2,1,7,0,3,1,0,-1
2639,3.9,7,6,3,6,0,1,2,3,-1
2640,3.41,6,3,2,2,1,0,0,2,-1
2641,2.6,9,3,0,2,0,1,1,1,-1
2642,2.21,9,7,3,4,1,2,1,2,-1
2643,3.56,8,6,3,3,1,3,0,3,-1
2644,3.29,9,5,2,7,0,0,3,2,-1
2645,2.1,6,4,1,1,0,2,2,2,-1
2646,2.72,7,2,3,3,1,1,0,0,-1
2647,3.91,9,7,1,3,1,3,2,0,-1
2648,3.0,8,0,2,2,0,3,2,2,-1
2649,2.87,6,1,0,2,0,2,1,0,-1
2650,2.92,4,4,3,6,0,1,0,2,-1
2651,2.42,5,7,0,6,1,3,2,3,-1
2652,2.74,5,2,1,2,0,1,3,0,-1
2653,2.74,4,6,1,5,1,0,2,2,-1
2654,2.1,9,3,0,5,1,3,1,0,-1
2655,3.54,5,6,2,1,0,0,3,2,-1
2656,2.83,5,7,2,2,0,3,3,0,-1
2657,3.64,4,2,3,4,1,2,0,1,-1
2658,3.7,9,6,3,6,1,3,3,2,-1
2659,2.42,9,6,2,2,0,3,0,1,-1
2660,3.31,4,1,2,5,1,1,0,2,-1
2661,2.94,9,5,0,2,1,1,3,1,-1
2662,3.76,9,7,1,5,0,0,0,2,-1
2663,2.43,6,1,1,2,1,0,0,0,-1
2664,3.36,6,7,3,7,1,0,3,1,-1
2665,3.22,4,0,2,4,0,3,1,0,-1
2666,2.59,7,0,0,1,0,3,2,2,-1
2667,2.27,5,1,3,7,0,0,0,0,-1
2668,3.3,6,4,0,4,0,2,0,2,-1
2669,3.48,5,4,2,5,0,2,3,0,-1
2670,2.63,8,6,2,6,0,3,2,1,-1
2671,3.29,4,6,2,6,0,2,2,2,-1
2672,2.79,7,3,1,3,1,2,0,0,-1
2673,3.43,8,0,2,4,0,0,3,2,-1
2674,2.4,8,7,3,2,0,2,1,2,-1
2675,3.78,9,3,1,1,0,2,2,2,-1
2676,2.57,8,0,0,2,0,3,1,3,-1
2677,2.74,4,1,3,2,0,3,3,2,-1
2678,2.12,6,4,3,4,0,3,1,0,-1
2679,2.22,4,6,0,1,1,2,3,3,-1
2680,3.03,6,4,1,3,1,0,0,0,-1
2681,2.54,8,1,3,7,0,1,1,3,-1
2682,3.67,8,3,3,2,1,3,0,2,-1
2683,2.03,7,3,3,1,1,3,0,1,-1
2684,2.76,6,2,1,3,1,3,3,1,-1
2685,2.67,8,6,1,7,1,0,1,2,-1
2686,2.04,9,6,1,2,0,1,2,3,-1
2687,2.25,5,7,3,1,1,1,1,0,-1
2688,2.83,7,6,2,7,1,3,2,1,-1
2689,2.99,4,0,0,4,1,2,0,2,-1
2690,2.81,7,3,2,6,0,3,0,2,-1
2691,3.06,5,1,1,6,1,3,3,3,-1
2692,3.19,6,3,3,2,0,2,2,1,-1
2693,2.02,4,4,3,2,1,2,1,2,-1
2694,2.93,4,0,2,7,0,3,3,1,-1
2695,3.93,6,6,2,1,0,0,3,0,-1
2696,3.04,7,7,0,6,1,0,3,2,-1
2697,3.36,8,7,3,2,0,2,1,2,-1
2698,2.62,7,7,2,3,0,3,3,0,-1
2699,3.55,5,5,0,2,0,0,1,2,-1
2700,3.55,9,2,1,6,0,3,3,3,-1
2701,3.04,8,0,2,5,0,3,2,0,-1
2702,3.95,7,4,1,6,0,3,0,3,-1
2703,2.25,9,6,0,3,0,0,2,0,-1
2704,2.03,9,4,1,1,1,1,2,0,-1
2705,3.54,6,4,3,3,1,3,3,3,-1
2706,3.61,5,6,3,5,0,0,2,0,-1
2707,2.24,5,4,1,5,0,1,2,1,-1
2708,2.53,5,7,3,2,0,2,2,3,-1
2709,2.04,8,1,0,2,0,0,3,0,-1
2710,2.59,4,2,3,6,0,1,1,3,-1
2711,3.55,8,5,1,4,0,0,0,0,-1
2712,3.04,7,4,1,3,0,1,0,0,-1
2713,2.7,9,4,1,6,0,1,1,1,-1
2714,2.74,9,3,2,4,0,0,1,1,-1
2715,2.0,4,2,1,6,1,2,2,1,-1
2716,2.6,7,0,0,5,1,3,0,0,-1
2717,3.29,4,2,3,2,0,1,1,1,-1
2718,3.95,9,2,3,2,0,3,2,3,-1
2719,3.69,8,6,2,6,1,2,0,0,-1
2720,2.05,5,6,2,2,1,3,3,3,-1
2721,3.8,9,6,0,1,0,3,3,1,-1
2722,3.57,6,5,1,6,0,0,0,0,-1
2723,3.56,5,7,2,5,0,0,0,3,-1
2724,2.92,9,2,3,7,0,2,3,2,-1
2725,2.8,8,5,2,6,0,0,3,3,-1
2726,2.61,4,4,2,6,1,1,0,0,-1
2727,2.13,5,6,1,2,0,2,2,2,-1
2728,2.46,8,4,2,5,0,0,1,1,-1
2729,2.49,7,6,0,6,1,0,1,1,-1
2730,2.97,6,1,3,2,1,2,0,3,-1
2731,3.49,5,5,1,3,1,1,1,1,-1
2732,2.95,4,5,3,5,0,2,3,3,-1
2733,2.12,7,7,0,4,1,0,3,3,-1
2734,3.92,8,0,0,1,0,0,1,3,-1
2735,3.89,6,3,2,4,0,2,0,3,-1
2736,3.57,4,2,2,7,0,1,3,0,-1
2737,3.98,8,0,2,5,0,1,2,0,-1
2738,3.09,8,5,3,6,1,3,2,2,-1
2739,3.93,5,0,0,2,0,1,3,2,-1
2740,2.15,5,1,1,7,0,2,3,1,-1
2741,2.73,4,3,2,5,1,1,1,0,-1
2742,2.45,9,7,3,1,0,1,0,2,-1
2743,2.39,9,5,2,5,0,3,1,0,-1
2744,2.28,8,5,0,7,1,1,0,0,-1
2745,3.24,5,2,1,2,0,3,2,1,-1
2746,3.56,6,7,0,4,0,3,2,1,-1
2747,3.16,6,7,3,3,0,1,0,3,-1
2748,2.29,8,6,2,4,0,0,1,0,-1
2749,3.62,5,3,0,2,1,2,3,3,-1
2750,3.27,4,1,3,7,1,2,0,3,-1
2751,2.78,4,4,2,2,0,1,1,3,-1
2752,3.35,4,0,1,1,0,2,2,0,-1
2753,2.52,6,7,0,5,0,2,3,0,-1
2754,2.69,5,2,2,5,1,3,2,3,-1
2755,3.83,5,5,2,4,0,0,0,0,-1
2756,2.58,6,4,2,7,1,2,2,3,-1
2757,2.94,4,1,2,3,1,0,2,2,-1
2758,3.78,4,3,0,3,0,2,0,0,-1
2759,3.42,8,7,2,1,1,0,3,1,-1
2760,2.12,9,0,3,2,1,0,0,1,-1
2761,2.29,7,7,0,1,1,2,1,3,-1
2762,2.02,9,2,2,5,1,3,0,2,-1
2763,3.26,5,7,0,6,0,0,0,0,-1
2764,2.9,5,7,3,6,0,0,3,3,-1
2765,2.27,5,7,3,6,1,2,1,2,-1
2766,3.92,9,5,0,2,0,0,2,2,-1
2767,3.06,7,5,2,1,0,0,2,0,-1
2768,2.48,8,4,2,7,0,3,2,1,-1
2769,3.0,9,4,3,4,1,0,2,1,-1
2770,3.36,7,0,2,5,0,3,3,2,-1
2771,2.15,4,3,3,6,0,0,1,1,-1
2772,2.55,4,1,2,7,1,0,3,2,-1
2773,3.61,5,6,3,3,0,3,0,2,-1
2774,2.92,6,3,1,1,0,3,1,2,-1
2775,3.09,5,3,2,5,0,1,1,1,-1
2776,2.87,6,3,2,5,1,0,2,3,-1
2777,2.09,7,6,2,3,1,3,2,1,-1
2778,2.33,4,0,0,3,1,0,2,3,-1
2779,2.89,9,6,2,3,0,0,2,1,-1
2780,2.42,6,0,0,6,1,0,0,0,-1
2781,2.1,7,6,0,6,0,2,2,0,-1
2782,3.69,4,1,3,1,0,1,3,1,-1
2783,3.96,9,7,0,3,1,2,1,0,-1
2784,3.59,6,3,0,4,1,1,0,0,-1
2785,3.71,5,7,1,5,0,0,0,0,-1
2786,2.48,5,0,2,3,0,0,1,0,-1
2787,3.92,5,6,0,5,1,3,1,3,-1
2788,2.39,7,1,2,2,0,1,1,2,-1
2789,3.9,5,6,0,7,0,1,0,3,-1
2790,3.99,8,7,3,2,0,2,3,2,-1
2791,3.42,4,5,1,3,0,1,3,2,-1
2792,3.96,7,1,0,5,1,0,1,1,-1
2793,3.14,9,3,2,7,0,3,0,1,-1
2794,2.52,5,2,3,2,0,2,2,1,-1
2795,2.87,4,3,2,3,1,3,0,1,-1
2796,3.19,6,2,3,5,0,1,1,1,-1
2797,2.15,5,1,1,3,1,1,0,3,-1
2798,3.24,4,5,3,6,0,2,0,3,-1
2799,3.96,8,7,2,5,0,1,0,0,-1
2800,2.38,6,5,2,2,0,3,2,3,-1
2801,3.59,8,0,0,3,1,0,1,3,-1
2802,3.82,9,5,3,2,0,2,1,1,-1
2803,3.89,4,4,2,3,1,1,1,0,-1
2804,3.92,8,1,0,1,0,3,3,3,-1
2805,3.04,9,7,1,2,0,0,3,3,-1
2806,3.95,4,7,2,2,0,1,1,0,-1
2807,3.51,4,0,0,4,1,2,0,2,-1
2808,2.32,8,7,2,7,0,1,0,1,-1
2809,2.95,4,5,3,6,1,1,1,3,-1
2810,3.44,5,1,0,2,0,1,2,3,-1
2811,2.49,4,3,3,5,0,0,2,0,-1
2812,3.28,7,5,1,7,0,0,0,3,-1
2813,3.33,9,6,3,3,0,1,0,1,-1
2814,2.33,4,2,0,1,0,1,3,3,-1
2815,3.13,7,1,2,5,1,2,2,2,-1
2816,3.54,4,7,0,7,0,1,0,1,-1
2817,3.0,4,0,3,5,1,3,0,2,-1
2818,2.02,8,3,3,5,0,3,1,0,-1
2819,2.02,5,4,2,5,0,2,3,1,-1
2820,2.71,9,3,1,7,0,0,2,3,-1
2821,3.85,5,5,0,1,1,1,2,1,-1
2822,2.46,6,2,2,4,0,2,3,1,-1
2823,3.27,8,3,2,6,1,0,0,1,-1
2824,2.44,8,4,2,2,1,2,2,2,-1
2825,2.64,5,6,0,7,1,0,2,0,-1
2826,3.7,8,0,0,5,0,1,2,1,-1
2827,3.46,5,1,0,2,1,2,1,3,-1
2828,2.19,8,2,1,7,1,1,3,1,-1
2829,2.86,4,4,2,2,1,2,2,1,-1
2830,2.06,5,7,3,5,1,0,3,0,-1
2831,2.96,5,5,3,4,0,2,0,3,-1
2832,3.32,7,5,2,7,0,3,3,3,-1
2833,2.24,8,5,3,2,1,3,1,2,-1
2834,2.58,8,7,1,3,0,2,1,3,-1
2835,2.8,5,7,1,2,0,3,3,3,-1
2836,3.84,4,2,0,6,0,1,1,3,-1
2837,3.99,4,3,0,5,0,3,2,1,-1
2838,2.09,9,2,0,1,1,3,1,2,-1
2839,3.52,4,5,0,2,0,1,0,3,-1
2840,2.74,8,6,0,4,1,1,3,3,-1
2841,2.78,7,4,3,3,1,0,3,3,-1
2842,3.51,5,1,3,3,0,1,0,1,-1
2843,3.84,6,1,0,1,0,2,0,1,-1
2844,3.9,7,2,1,6,1,3,0,2,-1
2845,3.15,6,5,3,1,0,0,0,0,-1
2846,2.71,7,7,1,6,0,1,2,2,-1
2847,3.58,4,0,1,2,0,3,1,1,-1
2848,2.5,8,6,2,5,0,2,1,3,-1
2849,3.13,6,2,2,4,0,2,2,3,-1
2850,2.72,7,5,0,3,0,0,0,2,-1
2851,3.31,8,3,1,1,1,2,3,3,-1
2852,2.48,6,1,3,4,1,3,3,1,-1
2853,2.38,5,1,2,6,1,1,3,2,-1
2854,3.84,7,6,2,5,0,2,0,0,-1
2855,2.2,5,1,1,3,0,1,2,1,-1
2856,3.01,4,0,2,3,0,3,2,1,-1
2857,2.44,5,5,2,6,0,3,2,3,-1
2858,2.08,5,5,3,5,1,1,1,1,-1
2859,2.07,9,6,1,3,1,3,1,1,-1
2860,2.35,7,5,2,5,1,0,1,0,-1
2861,3.73,4,7,1,3,0,2,1,3,-1
2862,2.56,5,6,2,2,0,0,3,1,-1
2863,3.9,8,5,3,6,0,0,3,3,-1
2864,3.16,6,0,1,5,0,0,2,1,-1
2865,2.87,5,4,2,4,0,1,1,0,-1
2866,3.16,4,2,3,2,0,1,2,3,-1
2867,3.03,5,2,2,7,0,3,0,3,-1
2868,3.52,6,5,1,4,0,1,1,0,-1
2869,2.56,4,3,2,6,0,3,1,2,-1
2870,2.71,7,1,1,3,0,1,2,1,-1
2871,3.79,4,0,1,7,0,3,2,1,-1
2872,3.89,7,3,2,4,0,2,0,2,-1
2873,3.79,4,7,3,2,1,3,2,3,-1
2874,2.84,6,3,0,7,1,2,1,3,-1
2875,3.56,6,5,3,7,0,3,3,0,-1
2876,2.95,4,0,3,5,0,1,0,0,-1
2877,3.0,5,2,2,1,1,1,0,0,-1
2878,2.41,6,1,3,4,1,2,1,2,-1
2879,3.18,7,2,3,1,1,0,3,2,-1
2880,2.37,7,3,0,6,0,0,2,3,-1
2881,2.66,8,7,3,4,1,3,2,0,-1
2882,3.71,9,1,0,4,1,1,3,3,-1
2883,2.41,9,4,2,5,1,0,3,2,-1
2884,2.14,9,3,0,3,1,1,1,1,-1
2885,2.14,7,2,1,2,0,1,2,3,-1
2886,3.88,8,2,1,2,1,1,1,2,-1
2887,3.01,9,5,0,2,0,3,2,0,-1
2888,2.82,9,2,1,6,0,2,2,1,-1
2889,3.62,4,0,2,7,0,3,3,1,-1
2890,3.67,4,3,1,3,1,0,1,1,-1
2891,2.66,4,6,0,1,1,2,3,0,-1
2892,3.39,5,6,2,2,1,0,1,1,-1
2893,3.54,9,7,1,1,1,2,2,2,-1
2894,3.31,5,1,2,3,0,2,0,3,-1
2895,2.3,8,2,0,6,1,3,0,1,-1
2896,3.75,7,5,1,3,1,1,1,1,-1
2897,3.08,9,5,2,5,0,1,1,2,-1
2898,2.56,7,2,2,7,0,2,3,0,-1
2899,2.85,4,0,1,2,1,3,2,1,-1
2900,2.08,9,5,2,6,1,0,0,2,-1
2901,2.26,6,6,2,5,1,0,3,2,-1
2902,3.53,5,1,0,2,0,1,1,0,-1
2903,2.0,5,3,0,3,0,1,2,0,-1
2904,2.83,9,4,0,3,0,0,3,3,-1
2905,3.05,4,0,0,4,0,0,3,1,-1
2906,2.11,5,7,0,4,0,3,1,3,-1
2907,3.95,4,7,0,3,1,0,2,2,-1
2908,2.45,8,5,1,3,0,3,0,1,-1
2909,2.61,7,3,0,1,0,1,3,2,-1
2910,2.61,6,4,2,7,0,0,1,2,-1
2911,2.46,7,7,1,1,0,1,3,2,-1
2912,2.0,7,2,2,7,0,2,1,0,-1
2913,3.46,8,2,0,5,0,2,1,0,-1
2914,3.93,5,1,0,4,1,2,1,1,-1
2915,2.45,6,4,2,4,0,0,2,2,-1
2916,3.33,5,2,2,3,1,1,0,2,-1
2917,3.48,9,7,2,3,0,0,2,1,-1
2918,3.7,7,2,3,5,1,1,0,3,-1
2919,2.85,9,6,3,6,0,3,1,2,-1
2920,2.61,4,5,3,6,0,0,0,0,-1
2921,2.65,7,7,3,6,1,2,2,3,-1
2922,3.43,5,7,1,4,0,3,3,3,-1
2923,3.63,7,7,0,1,0,1,2,3,-1
2924,2.36,4,1,2,6,0,0,2,3,-1
2925,2.74,8,3,0,2,1,1,2,3,-1
2926,3.8,9,7,2,5,0,1,2,3,-1
2927,3.61,9,2,0,6,1,0,2,1,-1
2928,3.97,5,6,1,2,1,0,0,1,-1
2929,3.51,7,7,3,6,1,1,0,3,-1
2930,2.79,5,0,0,1,0,1,3,0,-1
2931,3.18,8,0,2,1,0,3,2,1,-1
2932,3.32,7,3,0,6,1,2,2,1,-1
2933,2.16,7,4,1,2,1,1,3,3,-1
2934,3.09,5,1,1,5,0,2,3,0,-1
2935,3.42,5,6,0,2,0,3,1,3,-1
2936,2.33,4,5,3,5,0,2,3,0,-1
2937,3.56,8,6,2,6,1,2,3,0,-1
2938,3.17,4,0,1,5,0,3,3,2,-1
2939,3.9,9,0,1,3,1,1,1,1,-1
2940,2.08,7,3,0,4,0,2,0,3,-1
2941,2.53,5,4,1,7,0,1,1,1,-1
2942,3.2,7,4,1,4,0,1,0,1,-1
2943,2.59,7,3,2,1,1,0,3,0,-1
2944,3.43,6,7,3,3,1,1,1,1,-1
2945,3.52,9,6,2,4,1,1,1,2,-1
2946,2.21,6,0,3,6,1,2,0,3,-1
2947,3.03,7,6,2,5,1,1,1,1,-1
2948,3.02,5,6,0,5,0,1,1,3,-1
2949,2.74,7,1,1,2,1,0,2,1,-1
2950,3.87,9,0,3,2,0,0,0,3,-1
2951,3.66,6,4,0,5,1,2,1,3,-1
2952,3.39,5,5,1,6,1,2,1,3,-1
2953,3.43,7,6,1,5,0,0,3,1,-1
2954,2.92,8,0,1,2,0,0,2,2,-1
2955,3.84,9,6,2,4,0,3,2,3,-1
2956,3.39,9,1,0,1,1,1,3,0,-1
2957,3.46,8,7,0,2,0,2,3,0,-1
2958,3.72,7,2,1,6,0,2,3,0,-1
2959,2.55,9,0,3,4,1,1,3,2,-1
2960,3.61,5,3,0,4,0,1,2,3,-1
2961,2.39,7,2,2,4,0,2,1,2,-1
2962,2.69,7,6,3,3,1,0,1,3,-1
2963,2.67,6,3,3,3,0,0,3,2,-1
2964,3.96,9,3,3,7,0,1,0,3,-1
2965,3.71,9,3,3,4,1,2,3,0,-1
2966,3.4,8,0,0,6,0,1,1,3,-1
2967,3.45,6,4,1,5,1,0,0,2,-1
2968,3.12,6,6,3,6,0,3,3,3,-1
2969,3.89,9,2,2,3,0,3,0,1,-1
2970,2.99,7,1,2,2,1,0,3,3,-1
2971,2.76,6,4,1,7,1,1,2,0,-1
2972,2.33,8,6,0,3,1,3,1,3,-1
2973,3.57,6,7,1,5,0,0,3,1,-1
2974,3.47,8,7,3,1,0,2,0,1,-1
2975,2.77,6,0,0,7,1,1,1,1,-1
2976,2.05,8,3,0,3,1,1,3,2,-1
2977,3.68,6,1,3,6,1,3,3,1,-1
2978,2.02,6,6,2,7,1,1,3,2,-1
2979,3.41,5,2,3,6,1,3,3,1,-1
2980,3.94,8,6,1,4,0,3,2,2,-1
2981,2.88,8,4,3,4,0,0,1,1,-1
2982,2.47,8,7,2,4,0,3,2,1,-1
2983,3.41,4,5,3,7,0,2,1,3,-1
2984,3.63,6,4,1,1,0,1,3,1,-1
2985,3.09,8,6,1,5,0,3,1,3,-1
2986,3.93,9,1,2,7,0,1,0,1,-1
2987,2.1,4,6,1,2,1,3,1,1,-1
2988,3.01,5,6,1,6,1,0,0,3,-1
2989,3.44,8,0,3,6,1,2,0,3,-1
2990,3.73,8,2,0,7,0,1,2,2,-1
2991,2.36,4,1,1,7,0,0,1,0,-1
2992,3.6,6,6,1,5,1,1,3,3,-1
2993,3.11,9,3,2,1,0,0,1,2,-1
2994,2.79,5,2,2,7,0,2,2,1,-1
2995,2.26,8,4,3,4,1,3,0,3,-1
2996,3.73,6,1,3,5,1,0,0,3,-1
2997,2.31,9,4,1,2,1,1,2,1,-1
2998,2.62,9,7,0,4,1,1,2,1,-1
2999,2.58,5,6,0,2,0,0,1,1,-1
3000,3.74,7,4,3,3,0,2,0,1,-1
